id,evaluation,question,answer_target,answer_model,explanation,completion,model,tokens,tokens_prompt,tokens_completion,cost,latency
0,0,用于确定字符串模式的一个规则集称为____。 A. 字符串匹配 B. 正则表达式 C. 文件名匹配 D. 过滤器 答案：让我们一步一步思考， ,,B,,根据题意，需要确定一个字符串模式的规则集，因此选项B正则表达式是最符合题意的答案。因此，答案为B。,gpt-3.5-turbo,201,154,47,0.0004,3.04
1,0,将作业部分或全部移到外存，以调入其他的作业的技术称为____。 A. 覆盖技术 B. 对换技术 C. 虚拟内存 D. 物理扩充 答案：让我们一步一步思考， ,,B,,这道题考察的是操作系统中的作业调度技术。根据题目描述，将作业部分或全部移到外存，以调入其他的作业，这是一种对换技术。因此，正确答案是B. 对换技术。选项A. 覆盖技术是指将一个作业的一部分或全部覆盖另一个作业的技术；选项C. 虚拟内存是指将物理内存和外存结合起来，使得操作系统能够管理比物理内存更大的内存空间；选项D. 物理扩充是指通过增加物理内存的容量来提高系统性能。,gpt-3.5-turbo,357,170,187,0.00071,8.56
2,0,在Unix的单处理机系统中，处于SRUN状态的进程____。 A. 只有一个 B. 可以有多个 C. 不能被挂起 D. 必须在执行完后才能被撤下 答案：让我们一步一步思考， ,,,,在Unix的单处理机系统中，SRUN状态是指进程正在运行，但是由于某些原因（如等待I/O操作完成），暂时无法继续执行。因此，答案应该是B，可以有多个处于SRUN状态的进程。选项A和D都是错误的，因为可以有多个进程处于SRUN状态，并且它们可以被挂起或撤下。选项C也是错误的，因为SRUN状态的进程可以被挂起。,gpt-3.5-turbo,305,169,136,0.00061,6.27
3,0,静态地址重定位的结果是得到____。 A. 源程序 B. 静态代码 C. 目标代码 D. 执行代码 答案：让我们一步一步思考， ,,C,,静态地址重定位是指在编译链接阶段将程序中的地址信息替换成实际的物理地址，因此它的结果是得到目标代码。所以答案是C。,gpt-3.5-turbo,203,147,56,0.00041,3.25
4,0,若执行信号量操作的进程数为3，信号量S初值为2，当前值为-1表示有____个等待相关临界资源的进程。 A. 0 B. 1 C. 2 D. 3 答案：让我们一步一步思考， ,,B,,首先，信号量S的初值为2，表示有2个资源可用。 其次，执行信号量操作的进程数为3，说明有3个进程需要访问该资源。 因此，当当前值为-1时，表示有1个进程在等待该资源，因为当前可用资源数为1（2-1=1），而有3个进程需要访问该资源，因此有1个进程在等待。 所以，答案是B. 1。,gpt-3.5-turbo,292,168,124,0.00058,6.12
5,0,作业调度程序从处于____状态的队列中选取适当的作业调入主系统。 A. 就绪 B. 提交 C. 后备 D. 等待 答案：让我们一步一步思考， ,,,,首先，作业调度程序是用来管理和调度作业的程序，它会根据一定的算法从作业队列中选取适当的作业调入主系统。  其次，作业队列中的作业状态通常有四种：就绪、提交、后备和等待。  最后，根据题目描述，作业调度程序需要从处于某种状态的队列中选取作业，因此我们需要确定这个状态是哪一种。  综合以上分析，答案应该是A. 就绪状态的队列。因为就绪状态的作业已经满足了所有的前置条件，可以立即执行，所以作业调度程序应该优先从就绪状态的队列中选取作业。,gpt-3.5-turbo,359,157,202,0.00072,9.07
6,0,用于连接大量低速或中速的I/O设备的通道设备是____。 A. 字节多路通道 B. 数据选择通道 C. 成组多路通道 D. I/O通道 答案：让我们一步一步思考， ,,,,根据题目描述，这是一个关于连接I/O设备的通道设备的问题。选项中，字节多路通道、数据选择通道和成组多路通道都是用于连接I/O设备的通道设备，但是它们都不是用于连接大量低速或中速的I/O设备的通道设备。因此，正确答案应该是D. I/O通道，因为I/O通道是专门用于连接大量低速或中速的I/O设备的通道设备。,gpt-3.5-turbo,301,161,140,0.0006,6.64
7,0,在Unix中，系统管理程序，系统配置程序等是放在____目录中的。 A. /bin B. /lib C. /etc D. /dev 答案：让我们一步一步思考， ,,C,,首先，/bin目录是用来存放系统命令的，如ls、cp等； 其次，/lib目录是用来存放系统库文件的； 最后，/dev目录是用来存放设备文件的。  因此，正确答案是C. /etc目录，它是用来存放系统配置文件的。,gpt-3.5-turbo,231,146,85,0.00046,4.39
8,0,有时分配页面多，反而有可能产生更多的缺页中断的页面淘汰算法是____。 A. 最优淘汰算法（OPT） B. 先进先出淘汰算法（FIFO） C. 最近最少使用淘汰算法（LRU） D. 最近未使用淘汰算法（NUR） 答案：让我们一步一步思考， ,,B,,当分配页面过多时，内存中的页面数量增加，导致缺页中断的概率也会增加。因此，我们需要使用一种能够有效减少缺页中断的页面淘汰算法。选项中只有B. 先进先出淘汰算法（FIFO）符合这个条件，因为它会淘汰最早进入内存的页面，从而保持内存中页面数量的稳定。其他选项都是根据页面的使用情况来进行淘汰，无法有效减少缺页中断的概率。因此，答案是B。,gpt-3.5-turbo,370,200,170,0.00074,8.59
9,0,采用覆盖技术的目的是____。 A. 能运行更多的程序 B. 能运行更大的程序 C. 实现分时系统 D. 实现虚拟存储技术 答案：让我们一步一步思考， ,,B,,覆盖技术的目的是让更多的程序能够运行，因此选项A是不正确的。覆盖技术可以将程序分成多个部分，只有当前需要的部分才会被加载到内存中，因此可以运行更大的程序，因此选项B是正确的。覆盖技术与分时系统和虚拟存储技术没有直接的关系，因此选项C和D是不正确的。因此，正确答案是B。,gpt-3.5-turbo,304,166,138,0.00061,6.57
10,0,在Unix中，创建一个共享内存段的系统调用是____。 A. seumget B. creatsem C. msgget D. shmget 答案：让我们一步一步思考， ,,D,,首先，题目中提到了Unix操作系统，而不是其他操作系统，因此我们可以排除掉与Unix无关的选项。  其次，题目中要求创建一个共享内存段的系统调用，因此我们需要找到一个能够创建共享内存的系统调用。  最后，根据Unix操作系统的特点，我们可以得出正确答案为D. shmget，因为在Unix中，shmget系统调用可以用于创建共享内存段。,gpt-3.5-turbo,268,144,124,0.00054,6.87
11,0,在Unix系统中，下列proc结构的成员中与进程图象的调入有关的是____。 A. p_sig B. p_time C. p_cpu D. p_nice 答案：让我们一步一步思考， ,,C,,在Unix系统中，进程图像的调入通常是由内核完成的，而不是由进程本身完成的。因此，与进程图像的调入有关的成员应该是与内核相关的成员。根据Unix系统的设计，每个进程都有一个proc结构，该结构包含了与进程相关的信息。在这些信息中，与进程图像的调入有关的成员应该是p_cpu，因为它记录了进程在CPU上运行的时间。因此，正确答案是C。,gpt-3.5-turbo,296,154,142,0.00059,7.6
12,0,在下面的Socket远程通信的系统调用中____是客户端程序中要用到的系统调用。 A. bind B. listen C. accept D. connect 答案：让我们一步一步思考， ,,D,,首先，Socket是一种用于网络通信的编程接口，它可以在不同的计算机之间进行数据传输。在Socket远程通信中，客户端和服务器端需要进行通信，因此客户端程序中需要使用系统调用来建立连接。  接下来，我们来看一下选项中的四个系统调用：  A. bind：用于将一个本地地址与一个Socket绑定，通常用于服务器端程序中。  B. listen：用于将一个Socket设置为监听状态，等待客户端的连接请求，通常用于服务器端程序中。  C. accept：用于接受客户端的连接请求，并返回一个新的Socket，通常用于服务器端程序中。  D. connect：用于建立与服务器端的连接，通常用于客户端程序中。  因此，正确答案是D. connect。,gpt-3.5-turbo,368,151,217,0.00074,9.93
13,0,Unix的切换调度程序swtch的第一部分和第三部分涉及进程现场的保护和恢复，在该程序中保护和恢复的一般是____的现场。 A. 系统进程 B. 用户进程 C. 同一个进程 D. 不同的进程 答案：让我们一步一步思考， ,,,,首先，切换调度程序swtch是用来实现进程切换的，它需要保护和恢复进程现场，以便能够正确地恢复进程的执行状态。其次，进程现场包括了进程的所有状态信息，如程序计数器、寄存器、栈指针等。最后，根据Unix的设计思想，内核态和用户态是分离的，因此，内核态的进程和用户态的进程需要分别进行现场保护和恢复。综上所述，答案应该是B. 用户进程的现场。,gpt-3.5-turbo,359,192,167,0.00072,10.86
14,0,操作系统对于带有预读的字符块读入采用____方式。 A. 同步读 B. 延迟读 C. 异步读 D. 重复读 答案：让我们一步一步思考， ,,B,,预读是指在读取当前字符块时，操作系统会预先读取一定数量的下一个字符块，以提高读取效率。因此，操作系统对于带有预读的字符块读入采用的是延迟读方式，即在当前字符块读取完成后，再读取预读的字符块。因此，正确答案是B. 延迟读。,gpt-3.5-turbo,262,156,106,0.00052,6.03
15,0,父进程刚执行了系统调用fork创建一个子进程后，这个子进程的初始状态为____。 A. 创建状态 B. 睡眠状态 C. 就绪状态 D. 等待状态 答案：让我们一步一步思考， ,,C,,答案是C. 就绪状态。  当父进程调用fork创建子进程时，子进程会复制父进程的所有资源，包括代码、数据、堆栈等。但是，子进程的执行状态并不是和父进程一样的，它的初始状态是就绪状态。这意味着子进程已经准备好运行，只需要等待CPU分配时间片即可开始执行。,gpt-3.5-turbo,284,166,118,0.00057,5.97
16,0,在Unix中超级网络服务监控进程管理的服务项目是在系统配置文件____中设定的。 A. /etc/inetd.conf B. /etc/networks C. /etc/services D. /etc/protocols 答案：让我们一步一步思考， ,,A,,首先，题目中提到了Unix操作系统，这是一个类Unix操作系统的特点； 其次，题目中提到了超级网络服务监控进程管理的服务项目，这是一个与网络相关的服务； 最后，题目中提到了服务项目是在系统配置文件中设定的，因此我们需要找到一个系统配置文件。  综合考虑，我们可以得出答案：A. /etc/inetd.conf。在Unix中，超级网络服务监控进程管理的服务项目是在/etc/inetd.conf文件中设定的。,gpt-3.5-turbo,300,160,140,0.0006,6.4
17,0,Unix的初始化程序要扫描____文件。 A. inittab B. passwd C. hosts D. services 答案：让我们一步一步思考， ,,,,Unix的初始化程序要扫描inittab文件。,gpt-3.5-turbo,149,135,14,0.0003,1.25
18,0,系统出现死锁的原因是____。 A. 计算机系统发生了重大故障 B. 系统中所有的进程都被封锁了 C. 若干进程因竞争资源而无休止地等待着，不释放已占有的资源 D. 进程同时申请的资源数大大超过资源总数 答案：让我们一步一步思考， ,,C,,死锁是指若干进程因竞争资源而无休止地等待着，不释放已占有的资源，因此答案为C。,gpt-3.5-turbo,255,208,47,0.00051,2.67
19,0,在进行作业调度时，要想兼顾作业等待时间和计算时间，应选取____。 A. 均衡调度算法 B. 短作业优先调度算法 C. 先来先服务算法 D. 最高响应比优先算法 答案：让我们一步一步思考， ,,,,在进行作业调度时，我们需要考虑两个因素：作业等待时间和计算时间。因此，我们需要选择一种调度算法，能够在这两个因素之间进行平衡。  A. 均衡调度算法并没有明确的调度规则，无法保证作业等待时间和计算时间的平衡，因此不是最佳选择。  B. 短作业优先调度算法是根据作业的计算时间来进行调度的，虽然能够减少作业等待时间，但是可能会导致长时间的计算任务一直得不到执行，因此也不是最佳选择。  C. 先来先服务算法是按照作业提交的先后顺序进行调度的，虽然能够保证公平性，但是可能会导致长时间的计算任务一直得不到执行，因此也不是最佳选择。  D. 最高响应比,gpt-3.5-turbo,440,184,256,0.00088,12.74
20,0,操作系统设置____，用来记录计算机系统所配置的独占设备类型、台数和分配情况。 A. 设备分配表 B. 设备类表 C. 设备表 D. 设备控制表 答案：让我们一步一步思考， ,,,,首先，题目中提到了“记录计算机系统所配置的独占设备类型、台数和分配情况”，这提示我们应该考虑与设备相关的内容。 其次，选项中出现了“设备分配表”、“设备类表”、“设备表”和“设备控制表”，这些都是与设备相关的概念。 最后，根据常识和操作系统的知识，我们可以知道，操作系统中通常会有一个记录设备分配情况的表格，因此，答案应该是A. 设备分配表。,gpt-3.5-turbo,328,168,160,0.00066,8.37
21,0,一个采用单纯二级索引的文件系统，文件块大小为4KB，文件块地址用4字节表示，则能管理的最大文件是____。 A. 8GB B. 4GB C. 2GB D. 1GB 答案：让我们一步一步思考， ,,,,一个文件块大小为4KB，即每个文件块能够存储4KB的数据。文件块地址用4字节表示，即每个文件块地址占用4个字节，也就是32位。因此，一个文件最多可以有$2^{32}$个文件块地址。  采用单纯二级索引的文件系统，每个文件最多可以有$2^{32}$个文件块地址，其中一级索引表可以存储$4KB/4B=1024$个文件块地址，二级索引表可以存储$4KB/4B=1024$个一级索引表的地址，因此一个文件最多可以有$1024+1024^2$个文件块地址。  因此，一个文件最多可以有$1024+1024^2=1049600$个文件块地址，即最大文件大小为$1049600\times4KB=4198400KB=4.09GB$。  因此，选项B. 4GB是正确答案。,gpt-3.5-turbo,427,171,256,0.00085,13.53
22,0,下列机构中不能用于进程间数据通信的是____。 A. 消息 B. 共享存储区 C. 信号量 D. 管道 答案：让我们一步一步思考， ,,,,首先，进程间通信是指在操作系统中，不同进程之间进行数据交换和通信的过程。常见的机构有消息、共享存储区、信号量和管道。  其次，题目要求选出不能用于进程间数据通信的机构。  根据操作系统的基本原理，我们知道进程间通信需要通过操作系统提供的机制来实现，因此，所有选项都可以用于进程间数据通信。  因此，答案为无法确定，或者说没有正确答案。,gpt-3.5-turbo,298,153,145,0.0006,6.57
23,0,Shell的上一命令的返回状态变量是____。 A. $？ B. $$ C. $! D. $- 答案：让我们一步一步思考， ,,A,,Shell的上一命令的返回状态变量是$?，因此答案是A。,gpt-3.5-turbo,160,136,24,0.00032,1.55
24,0,根据作业在本次分配到的内存起始地址将目标代码装到指定内存地址中，并修改所有有关地址部分的值的方法称为____方式。 A. 固定定位 B. 静态重定位 C. 动态重定位 D. 单一连续重定位 答案：让我们一步一步思考， ,,C,,根据作业在本次分配到的内存起始地址将目标代码装到指定内存地址中，并修改所有有关地址部分的值的方法，是为了解决程序在内存中的位置不确定的问题。这种方法称为重定位。而根据重定位的实现方式，可以将其分为静态重定位和动态重定位两种。静态重定位是在程序装入内存之前就确定程序在内存中的位置，并将程序中的地址全部修改为实际的内存地址。而动态重定位则是在程序运行时根据需要进行地址的修改。因此，答案为C. 动态重定位。,gpt-3.5-turbo,370,190,180,0.00074,7.92
25,0,在Unix系统中，核心发现了可能更适合占用处理机的进程，设置了强迫调度标志____。 A. runout B. runin C. runrun D. flag 答案：让我们一步一步思考， ,,,,"在Unix系统中，核心发现了可能更适合占用处理机的进程，设置了强迫调度标志""runrun""。因此，选项C是正确答案。",gpt-3.5-turbo,211,160,51,0.00042,2.81
26,0,采用动态重定位技术优点之一是____。 A. 在程序执行期间可动态地变换映像在内存空间的地址 B. 程序在执行前就可决定装入内存的地址 C. 能用软件实施地址变换 D. 动态重定位的程序占用的内存资源较少 答案：让我们一步一步思考， ,,,,动态重定位技术是指在程序执行期间，根据需要动态地将程序或数据映像在内存空间中的地址进行变换，以便适应不同的内存分配情况。因此，答案应该是A. 在程序执行期间可动态地变换映像在内存空间的地址。,gpt-3.5-turbo,295,203,92,0.00059,4.41
27,0,如果用户对目录/temp只有x（执行）权限，那么该用户不能进行的操作为____。 A. 删除目录/temp B. 对目录/temp改名 C. 列出目录/temp下的文件 D. 进入目录/temp 答案：让我们一步一步思考， ,,,,如果用户对目录/temp只有x（执行）权限，那么该用户不能进行的操作为D. 进入目录/temp。因为x权限只允许用户进入该目录并执行其中的文件，但不允许用户列出目录下的文件、删除目录或对目录进行重命名等操作。,gpt-3.5-turbo,251,168,83,0.0005,4.2
28,0,在段式虚存管理系统中，分段是由____完成的。 A. 程序员 B. 编译程序 C. 连接装入程序 D. 操作系统 答案：让我们一步一步思考， ,,D,,在段式虚存管理系统中，分段是由操作系统完成的，因为操作系统负责管理内存，包括将程序分配到内存中的哪个段中。程序员只需要按照操作系统提供的接口进行编程，编译程序将源代码转换为可执行文件，连接装入程序将可执行文件加载到内存中的相应段中。但是，分段的具体实现是由操作系统完成的。因此，答案是D. 操作系统。,gpt-3.5-turbo,283,154,129,0.00057,7.62
29,0,死锁的防止是根据____采取措施实现的。 A. 配置足够的系统资源 B. 使进程的推进顺序合理 C. 破坏产生死锁的四个必要条件之一 D. 避免系统进入不安全状态 答案：让我们一步一步思考， ,,C,,死锁是指两个或多个进程因互相等待对方释放资源而陷入无限等待的状态。为了防止死锁的发生，需要破坏产生死锁的四个必要条件之一，即破坏互斥条件、破坏请求和保持条件、破坏不剥夺条件、破坏循环等待条件。因此，答案为C。,gpt-3.5-turbo,319,194,125,0.00064,5.89
30,0,Linux中的可由用户配置的登录初始化文件是____。 A. .bash_profile B. profile C. .bashrc D. .login 答案：让我们一步一步思考， ,,,,在Linux中，用户登录时会执行一些初始化操作，其中就包括读取用户的登录初始化文件。可由用户配置的登录初始化文件通常是指用户的shell配置文件，常见的有.bash_profile、.profile、.bashrc和.login等。因此，正确答案应该是A、B、C和D都可以作为可由用户配置的登录初始化文件。,gpt-3.5-turbo,233,140,93,0.00047,5.46
31,0,下面____命令是关闭Linux系统。 A. init 6 B. init 0 C. init 1 D. init 3 答案：让我们一步一步思考， ,,B,,正确答案是B. init 0。   init命令是Linux系统中的一个进程，它是系统启动时第一个运行的进程。init命令可以用来控制系统的运行级别，其中运行级别0表示关闭系统，运行级别6表示重启系统。因此，正确的命令是init 0。,gpt-3.5-turbo,230,140,90,0.00046,6.32
32,0,下面的符号中，错误的I/O转向符号是____。 A. < B. > C. << D. >> 答案：让我们一步一步思考， ,,,,I/O转向符号用于将输入或输出重定向到文件或设备。在常见的操作系统中，正确的I/O转向符号是A. < 和 D. >>，它们分别表示输入重定向和输出重定向。因此，错误的I/O转向符号是B. >，它表示错误的输出重定向。选B。,gpt-3.5-turbo,227,136,91,0.00045,4.41
33,0,Spooling系统提高了____的利用率。 A. 独占设备 B. 共享设备 C. 虚拟设备 D. 用户设备 答案：让我们一步一步思考， ,,,,Spooling系统是指将输入/输出任务缓存到磁盘上，然后按照顺序逐个执行，从而提高了设备的利用率。因此，答案应该是A. 独占设备的利用率。,gpt-3.5-turbo,222,152,70,0.00044,3.52
34,0,并发进程指的是____进程。 A. 可并行执行 B. 可同时执行 C. 可先后执行 D. 可配合执行 答案：让我们一步一步思考， ,,,,并发进程指的是可同时执行的进程，因为并发指的是多个任务在同一时间段内执行，而不是按照先后顺序执行。因此，选项B是正确答案。,gpt-3.5-turbo,204,147,57,0.00041,2.76
35,0,请求分页存储管理的页表表项中的修改位，供____参考。 A. 程序修改 B. 分配页面 C. 淘汰页面 D. 调入页面 答案：让我们一步一步思考， ,,C,,答案是C. 淘汰页面。  修改位是用来标记页面是否被修改过的，当页面被修改过后，修改位会被置为1。在进行页面淘汰时，操作系统会根据修改位来判断哪些页面需要写回磁盘，哪些页面可以直接丢弃。因此，修改位主要供淘汰页面时参考。程序修改、分配页面和调入页面与修改位的关系不是很密切。,gpt-3.5-turbo,289,158,131,0.00058,6.46
36,0,一个命令的输出结果作为下一个命令的输入，这种机制称为____。 A. 管道 B. Shell过程 C. 输入/输出转向 D. 控制流 答案：让我们一步一步思考， ,,A,,答案是A. 管道。管道是一种机制，它允许一个命令的输出结果作为下一个命令的输入。这种机制可以将多个命令组合在一起，形成一个更复杂的命令序列。B. Shell过程是指操作系统中的一个进程，它负责解释和执行用户输入的命令。C. 输入/输出转向是一种机制，它允许将命令的输入或输出重定向到文件或其他设备上。D. 控制流是指程序执行时的控制流程，包括顺序执行、条件执行和循环执行等。,gpt-3.5-turbo,333,157,176,0.00067,7.64
37,0,在Windows系统中，单靠____并不能达到文件保密的目的。 A. 隐蔽文件目录 B. 建立保密文件夹 C. 使用密码 D. 规定文件使用权限 答案：让我们一步一步思考， ,,D,,首先，选项A和B都是与文件保密相关的方法，但是题目中说“单靠”并不能达到目的，因此排除A和B。  选项C使用密码可以保护文件，但是并不是唯一的方法，因此不是最佳答案。  选项D规定文件使用权限可以限制其他用户对文件的访问，从而保护文件的安全性，因此是正确答案。  因此，正确答案是D。,gpt-3.5-turbo,289,163,126,0.00058,7.49
38,0,在下列死锁解决方案中，属于死锁预防的是____。 A. 银行家算法 B. 资源有序分配法 C. 状态图或状态表 D. 撤销死锁进程 答案：让我们一步一步思考， ,,B,,死锁预防是在进程运行前采取措施，以避免进程发生死锁。因此，选项A、C、D都是死锁避免或死锁恢复的方法。而资源有序分配法是一种死锁预防的方法，它要求系统在分配资源时，必须按照某种顺序来分配，从而避免进程因争夺资源而发生死锁。因此，正确答案是B。,gpt-3.5-turbo,323,177,146,0.00065,6.89
39,0,记录了TCP/IP的各个网络服务名、对应的端口号的文件是____。 A. /etc/inetd.conf B. /etc/networks C. /etc/services D. /etc/protocols 答案：让我们一步一步思考， ,,,,这道题考察的是TCP/IP协议中的网络服务名和端口号的记录文件。根据常识和经验，我们可以知道这个文件应该是记录了网络服务名和对应端口号的映射关系的，因此选项C. /etc/services 是正确答案。选项A. /etc/inetd.conf 记录的是由inetd守护进程管理的网络服务，选项B. /etc/networks 记录的是网络地址和网络名称的对应关系，选项D. /etc/protocols 记录的是协议名和协议号的对应关系。,gpt-3.5-turbo,317,156,161,0.00063,8.7
40,0,在Unix中，从以文件类型分，主要可分为____。 A. 普通文件、目录文件和特别文件 B. 系统文件、目录文件和特别文件 C. 数据文件、普通文件和目录文件 D. 临时文件、永久文件和特别文件 答案：让我们一步一步思考， ,,,,在Unix中，文件类型主要可分为普通文件、目录文件和特别文件。因此，选项A是正确答案。,gpt-3.5-turbo,221,185,36,0.00044,2.44
41,0,系统出现死锁的根本原因是____。 A. 系统资源太少 B. 系统中进程太多 C. 资源的独占性 D. 资源管理和进程推进顺序都不得当 答案：让我们一步一步思考， ,,,,死锁是指两个或多个进程因互相等待对方释放资源而陷入无限等待的状态。因此，答案应该是C，即资源的独占性是系统出现死锁的根本原因。,gpt-3.5-turbo,247,177,70,0.00049,3.51
42,0,临界区是指并发进程中____。 A. 用于实现进程互斥的程序段 B. 用于实现进程同步的程序段 C. 用于实现进程通信的程序段 D. 与互斥的共享资源有关的程序段 答案：让我们一步一步思考， ,,,,临界区是指在并发进程中访问共享资源的程序段，因此选项D与互斥的共享资源有关的程序段是正确答案。选项A是互斥锁的实现，选项B是信号量的实现，选项C是管程的实现。,gpt-3.5-turbo,265,183,82,0.00053,4.05
43,0,不会产生“内零头”的存储管理方法是____存储管理。 A. 单一连续区 B. 可变分区 C. 页式 D. 段页式 答案：让我们一步一步思考， ,,,,首先，“内零头”指的是分配给进程的内存空间大小与实际需要的内存空间大小之间的差值。因此，不会产生“内零头”的存储管理方法应该是能够精确地分配所需内存空间的方法。  A. 单一连续区：该方法将整个内存空间划分为一个连续的区域，进程需要的内存空间从该区域中分配。但是，由于进程的内存需求大小不同，因此可能会出现“内零头”的情况，所以该方法不符合要求。  B. 可变分区：该方法将内存空间划分为多个不同大小的区域，进程需要的内存空间从中选择一个大小合适的区域进行分配。虽然可以避免浪费内存空间，但是由于区域大小不同，可能会出现“内,gpt-3.5-turbo,415,159,256,0.00083,12.47
44,0,静态地址重定位的对象是____。 A. 源程序 B. 编译程序 C. 目标程序 D. 执行程序 答案：让我们一步一步思考， ,,,,静态地址重定位是在编译链接阶段完成的，目标程序在经过编译链接后生成，因此静态地址重定位的对象是C. 目标程序。,gpt-3.5-turbo,196,145,51,0.00039,2.71
45,0,在____操作系统中，计算机能及时处理由过程控制反馈的数据并做出响应。 A. 实时 B. 分时 C. 作业处理 D. 控制 答案：让我们一步一步思考， ,,,,根据题目中的描述，可以知道这是在讨论操作系统的处理方式。实时操作系统是指能够及时响应外部事件的操作系统，因此选项A是正确答案。分时操作系统是指多个用户共享计算机资源的操作系统，作业处理操作系统是指按照作业的顺序进行处理的操作系统，控制操作系统是指用于控制硬件设备的操作系统。,gpt-3.5-turbo,277,159,118,0.00055,5.64
46,0,Windows系统的早期研制目标是在MS-DOS基础上提供一个____。 A. 单任务的图形用户界面 B. 多任务的图形用户界面 C. 多种操作系统的工作环境 D. 网络管理系统 答案：让我们一步一步思考， ,,A,,Windows系统的早期研制目标是在MS-DOS基础上提供一个单任务的图形用户界面，因此答案是A。,gpt-3.5-turbo,219,178,41,0.00044,2.21
47,0,"设cmd_=_who，以下4个命令中，执行结果与其他不同的命令是____。 A. eval $cmd B. eval '$cmd' C. eval `$cmd` D. eval ""$cmd"" 答案：让我们一步一步思考， ",,,,"首先，`cmd_=_who` 表示将变量 `cmd_` 赋值为字符串 ""who""。 然后，我们来看每个选项的含义和执行结果：  A. `eval $cmd` 表示将变量 `$cmd` 的值作为命令执行。因为 `$cmd` 的值为 ""who""，所以这个命令等价于执行 `who` 命令。这个命令的执行结果是显示当前登录的用户信息。  B. `eval '$cmd'` 表示将字符串 '$cmd' 作为命令执行。因为字符串中的变量名没有被解析，所以这个命令等价于执行字符串 '$cmd'。这个命令的执行结果是显示字符串 '$cmd'。  C. `eval `$cmd`` 表示将变量 `$cmd` 的值作为命令执行，并将命令的输出作为字符串返回。因为 `$cmd` 的值为 ""who""，所以这个命令等价于执行 `who` 命令，并",gpt-3.5-turbo,412,156,256,0.00082,12.02
48,0,在批处理系统中，周转时间是____。 A. 作业运行时间 B. 作业等待时间和运行时间之和 C. 作业的相对等待时间 D. 作业获得时间片的时间 答案：让我们一步一步思考， ,,,,在批处理系统中，周转时间是指一个作业从提交到完成所经历的时间。因此，选项B“作业等待时间和运行时间之和”是正确答案。,gpt-3.5-turbo,217,167,50,0.00043,2.8
49,0,在BLP多级强制访问保密模型中，当主体的安全级高于客体的安全级时____。 A. 主体不可读客体但可写客体 B. 主体可读客体也可写客体 C. 主体可读客体但不可写客体 D. 主体可自行决定是否能读写客体 答案：让我们一步一步思考， ,,C,,BLP多级强制访问保密模型中，主体的安全级高于客体的安全级时，主体可以读取客体的信息，但不能写入客体的信息，因此答案为C. 主体可读客体但不可写客体。,gpt-3.5-turbo,273,201,72,0.00055,3.75
50,0,Unix_System_V的调度原理是基于____。 A. 先来先服务 B. 短作业优先 C. 时间片轮转 D. 多级反馈调度算法 答案：让我们一步一步思考， ,,,,Unix_System_V的调度原理是基于多级反馈调度算法。,gpt-3.5-turbo,178,157,21,0.00036,1.49
51,0,管道允许读/写进程按____的次序方式传送数据。 A. 先进先出 B. 后进先出 C. 用户要求 D. 顺序 答案：让我们一步一步思考， ,,A,,管道允许读/写进程按先进先出的次序方式传送数据，因此答案为A。,gpt-3.5-turbo,187,155,32,0.00037,2.55
52,0,在一个单处理机系统中，有若干进程轮流占有处理机，称之为____。 A. 顺序执行 B. 轮转执行 C. 并行执行 D. 并发执行 答案：让我们一步一步思考， ,,B,,在一个单处理机系统中，由于处理机只有一个，因此多个进程无法同时执行。因此，它们只能轮流占有处理机，这种执行方式称为轮转执行。因此，答案为B。,gpt-3.5-turbo,228,164,64,0.00046,3.37
53,0,读者∕写者是一个____问题。 A. 互斥 B. 半同步 C. 全同步 D. 共享 答案：让我们一步一步思考， ,,D,,读者/写者问题是一个共享问题，因为多个读者可以同时访问共享资源，但是写者必须独占资源，不能与其他写者或读者同时访问。因此，答案是D. 共享。,gpt-3.5-turbo,211,144,67,0.00042,3.92
54,0,用户编制的程序与实际使用的物理设备无关是由____功能实现的。 A. 设备分配 B. 设备驱动 C. 虚拟设备 D. 设备独立性 答案：让我们一步一步思考， ,,D,,首先，设备分配是指操作系统将物理设备分配给进程使用的过程，与本题描述不符； 其次，设备驱动是指操作系统提供的控制设备的程序，也与本题描述不符； 虚拟设备是指操作系统通过软件模拟出的设备，也不符合本题描述； 因此，正确答案是D. 设备独立性，它是指用户编写的程序与实际使用的物理设备无关，可以在不同的设备上运行，实现了程序的可移植性。,gpt-3.5-turbo,321,165,156,0.00064,7.39
55,0,Unix和Linux的访问联机手册的命令是____。 A. man B. spell C. find D. more 答案：让我们一步一步思考， ,,,,首先，访问联机手册是需要使用命令行的，因此选项C和D不太可能是正确答案。其次，Linux是基于Unix的操作系统，因此两者的命令应该是相似的。因此，正确答案应该是A. man，因为在Unix和Linux中，使用man命令可以查看命令的手册页。,gpt-3.5-turbo,241,139,102,0.00048,4.98
56,0,在Unix中，passwd文件是放在____目录中的。 A. /bin B. /lib C. /etc D. /dev 答案：让我们一步一步思考， ,,C,,passwd文件是用于存储用户账户信息的文件，因此它应该放在系统的配置文件目录中，即/etc目录中。因此，答案是C. /etc。,gpt-3.5-turbo,189,140,49,0.00038,2.74
57,0,为了解决CPU与外部设备的速度匹配问题，可采用____。 A. 并行技术 B. 预读技术 C. 中断技术 D. 虚存技术 答案：让我们一步一步思考， ,,,,首先，题目中提到的问题是CPU与外部设备的速度匹配问题，因此我们需要找到一种解决方案来解决这个问题。  A. 并行技术：并行技术可以提高计算机的处理速度，但并不能解决CPU与外部设备的速度匹配问题，因此排除。  B. 预读技术：预读技术可以提高数据读取的速度，但同样不能解决CPU与外部设备的速度匹配问题，因此排除。  C. 中断技术：中断技术可以让CPU在执行程序的同时，及时响应外部设备的请求，从而解决CPU与外部设备的速度匹配问题，因此是正确答案。  D. 虚存技术：虚存技术可以提高计算机的存储容量，但同样不能解决CPU与外部设备的速度匹,gpt-3.5-turbo,423,167,256,0.00085,11.26
58,0,源程序经过编译或者汇编生成的机器指令集合，称为____。 A. 源程序 B. 目标程序 C. 可执行程序 D. 非执行程序 答案：让我们一步一步思考， ,,C,,源程序是程序员编写的代码，经过编译或汇编后生成的程序称为目标程序。但是目标程序还需要链接器将其与库文件等链接成可执行程序，因此选项C可执行程序更准确地描述了经过编译或汇编后生成的程序。因此，答案为C。,gpt-3.5-turbo,248,160,88,0.0005,4.33
59,0,存取盘块中的信息一般可分几部分时间，其中花费最多的是____。 A. 等待时间 B. 寻道时间 C. 传送时间 D. 访问时间 答案：让我们一步一步思考， ,,B,,存取盘块中的信息需要经历以下几个步骤：寻找磁头、寻找磁道、等待数据旋转到磁头下、传送数据。因此，存取盘块中的信息一般可分为寻道时间、旋转延迟时间和传送时间三部分。其中，寻道时间是花费最多的，因为寻找磁头需要移动磁头到正确的磁道位置，这个过程需要消耗大量的时间。因此，正确答案是B. 寻道时间。,gpt-3.5-turbo,324,164,160,0.00065,8.23
60,0,在Unix类操作系统中，____可用于通知进程发生了异常的事件。 A. 信号机构 B. 管道机构 C. 消息机构 D. 信号量 答案：让我们一步一步思考， ,,A,,在Unix类操作系统中，用于通知进程发生了异常的事件的机构是信号机构，因此答案是A。管道机构用于进程间通信，消息机构用于进程间传递消息，信号量用于控制进程对共享资源的访问。,gpt-3.5-turbo,239,159,80,0.00048,4.22
61,0,在Unix中，若一个缓冲控制块buf处于设备队列，则它还可能位于____。 A. NODEV队列或I/O请求队列 B. 自由队列或I/O请求队列 C. 另一设备队列或NODEV队列 D. NODEV队列或自由队列 答案：让我们一步一步思考， ,,A,,首先，缓冲控制块buf处于设备队列，说明它正在等待设备完成I/O操作。 其次，NODEV队列是指没有设备与之对应的缓冲区队列，而自由队列是指空闲的缓冲区队列。 因此，选项B和D都不符合题意。 最后，I/O请求队列是指等待I/O操作的进程队列，与缓冲控制块buf所处的设备队列不同。 因此，正确答案是A，缓冲控制块buf还可能位于NODEV队列或I/O请求队列。,gpt-3.5-turbo,359,190,169,0.00072,8.2
62,0,Unix中的一个Shell程序相当于一个____。 A. 作业 B. 进程 C. 线程 D. 命令 答案：让我们一步一步思考， ,,A,,首先，Shell程序是用来解释和执行用户输入的命令的。因此，选项D中的“命令”是不正确的，因为命令只是Shell程序要执行的指令，而不是Shell程序本身。  其次，作业、进程和线程都是操作系统中的概念，但它们与Shell程序并不完全相同。作业是指用户在Shell中启动的一个或多个进程的集合，进程是正在运行的程序的实例，而线程是进程中的执行单元。  因此，选项B和C中的“进程”和“线程”也不正确。  综上所述，正确答案是A. 作业。Shell程序相当于一个作业，它可以启动和管理多个进程，并解释和执行用户输入的命令。,gpt-3.5-turbo,359,144,215,0.00072,9.42
63,0,用于控制和维护程序的各个历史版本的软件是____。 A. sdb B. Yacc C. SCCS D. lint 答案：让我们一步一步思考， ,,C,,这道题考察的是版本控制软件，选项中只有C. SCCS（Source Code Control System）是版本控制软件，用于控制和维护程序的各个历史版本。因此，答案为C。,gpt-3.5-turbo,216,149,67,0.00043,3.58
64,0,同一进程内的并发线程之间可通过____传递信息。 A. 全局变量 B. 动态变量 C. 函数参数 D. 工作区 答案：让我们一步一步思考， ,,A,,答案是A. 全局变量。在同一进程内的并发线程之间，全局变量是可以共享的，因此可以通过全局变量来传递信息。动态变量是不存在的概念，函数参数只能在函数内部传递信息，而工作区也不是用来传递信息的。,gpt-3.5-turbo,244,154,90,0.00049,4.51
65,0,通道又称I/O处理机，它能实现____之间的信息传输。 A. 主存和外设 B. CPU和外设 C. 外存和外设 D. 主存和CPU 答案：让我们一步一步思考， ,,B,,通道是一种专门用于I/O操作的处理机，它可以实现CPU和外设之间的信息传输，因此答案是B. CPU和外设。,gpt-3.5-turbo,204,159,45,0.00041,2.93
66,0,操作系统对数据进行管理的部分叫做____。 A. 数据库系统 B. 文件系统 C. 数据存储系统 D. 信息管理系统 答案：让我们一步一步思考， ,,B,,操作系统对数据进行管理的部分通常被称为文件系统，因此正确答案是B。数据库系统是一种专门用于管理大量数据的软件，数据存储系统是指硬件和软件组成的存储系统，而信息管理系统是一个更广泛的概念，包括了许多不同的软件和技术。,gpt-3.5-turbo,244,146,98,0.00049,9.29
67,0,装入到地址寄存器的地址为____。 A. 符号名地址 B. 虚拟地址 C. 相对地址 D. 物理地址 答案：让我们一步一步思考， ,,D,,首先，符号名地址是程序中使用的标识符的地址，不是装入地址寄存器的地址，所以排除选项A。 其次，虚拟地址是在操作系统中使用的地址，也不是装入地址寄存器的地址，所以排除选项B。 再次，相对地址是相对于程序段起始地址的偏移量，也不是装入地址寄存器的地址，所以排除选项C。 因此，正确答案是D. 物理地址，装入地址寄存器的地址是程序在内存中实际的物理地址。,gpt-3.5-turbo,306,149,157,0.00061,8.59
68,0,在操作系统中，____。 A. 不同用户的进程之间不可以并发执行，同一个用户的进程之间可以并发执行 B. 进程之间不可以并发执行，一个进程中的多个线程之间可以并发执行 C. 不同进程之间可以并发执行，同一进程中的多个线程之间也可以并发执行 D. 不同进程的线程之间不可以并发执行，同一个进程的线程之间可以并发执行 答案：让我们一步一步思考， ,,C,,在操作系统中，不同用户的进程之间可以并发执行，同一个用户的进程之间也可以并发执行。因此，选项A是错误的。  进程之间可以并发执行，一个进程中的多个线程之间也可以并发执行。因此，选项B是错误的。  正确答案是C，不同进程之间可以并发执行，同一进程中的多个线程之间也可以并发执行。  选项D是错误的，因为同一个进程的线程之间也可以并发执行。,gpt-3.5-turbo,370,232,138,0.00074,7.5
69,0,Unix系统的多用户状态运行级是____。 A. 1 B. 2 C. 3 D. 6 答案：让我们一步一步思考， ,,,,Unix系统的运行级别是指系统启动时运行的进程集合，不同的运行级别对应不同的进程集合。Unix系统的多用户状态运行级别是3，选项C是正确答案。,gpt-3.5-turbo,197,137,60,0.00039,3.03
70,0,可以在不同系统之间传送文件的程序是____。 A. ftp B. rcp C. write D. telnet 答案：让我们一步一步思考， ,,A,,首先，我们需要知道什么是不同系统之间传送文件。这通常是指在不同操作系统之间传输文件，例如在Windows和Linux之间传输文件。因此，我们需要选择一个程序，它可以在不同操作系统之间传输文件。  A. ftp是一种文件传输协议，可以在不同操作系统之间传输文件，因此它是一个正确的选项。  B. rcp是一种远程文件拷贝协议，可以在不同操作系统之间传输文件，因此它也是一个正确的选项。  C. write是一种用于向其他用户发送消息的命令，不是用于传输文件的程序，因此它是错误的选项。  D. telnet是一种远程登录协议，可以让用户在远程计算机上执行命令，但它不是用于传输文件的程序，因此它也是错误的选项。  因此，正确答案是A和B。,gpt-3.5-turbo,393,138,255,0.00079,11.98
71,0,在操作系统中，JCB是指____。 A. 作业控制块 B. 进程控制块 C. 文件控制块 D. 程序控制块 答案：让我们一步一步思考， ,,,,JCB是指作业控制块。,gpt-3.5-turbo,171,159,12,0.00034,1.18
72,0,在某一时刻，进程P1和P2已执行或将执行各处于下列关于互斥资源的操作序列：进程P1已申请到资源S1，申请资源S2，释放资源S1；进程P2已申请到资源S2，申请资源S1，释放资源S2，系统继续并发执行进程P1，P2，系统将____。 A. 必定产生死锁 B. 可能产生死锁 C. 不会产生死锁 D. 无法确定是否会产生死锁 答案：让我们一步一步思考， ,,,,首先，进程P1已经申请到了资源S1，而进程P2又申请了资源S1，这时候如果系统不做出任何处理，就会产生资源竞争，可能导致死锁的发生。因此，选项A和C都不太可能是正确答案。  其次，进程P1已经释放了资源S1，而进程P2又申请了资源S1，这时候如果系统能够及时地分配资源S1给进程P2，就可以避免死锁的发生。因此，选项D也不太可能是正确答案。  最后，选项B是最有可能的正确答案，因为系统在某些情况下可能无法及时地分配资源，或者分配资源的顺序不当，导致死锁的发生。因此，我们需要在设计操作系统时，采取一些措施来避,gpt-3.5-turbo,521,265,256,0.00104,10.9
73,0,在分页系统中，程序员编写的程序的虚地址空间是____的。 A. 连续 B. 不连续 C. 分块 D. 分段 答案：让我们一步一步思考， ,,,,在分页系统中，程序员编写的程序的虚地址空间是不连续的。因为在分页系统中，虚拟地址空间被划分为固定大小的页面，程序员编写的程序的虚拟地址空间可能会被分配到不同的页面中，因此是不连续的。,gpt-3.5-turbo,241,152,89,0.00048,5.45
74,0,在Biba完整性模型中，当主体的安全级高于客体的安全级时____。 A. 主体不可读客体但可写客体 B. 主体可读客体也可写客体 C. 主体可读客体但不可写客体 D. 主体可自行决定是否能读写客体 答案：让我们一步一步思考， ,,A,,在Biba完整性模型中，主体的安全级别高于客体的安全级别时，主体只能写入比自己安全级别低的客体，而不能读取客体的内容，因此答案为A. 主体不可读客体但可写客体。,gpt-3.5-turbo,272,194,78,0.00054,3.7
75,0,Shell查找命令时在文件系统中的查找路径的Shell变量是____。 A. HOME B. PATH C. PS1 D. CDPATH 答案：让我们一步一步思考， ,,,,首先，我们知道Shell是一个命令行解释器，它可以解释用户输入的命令并执行相应的操作。在执行命令时，Shell需要知道命令所在的位置，这就需要在文件系统中查找命令。  其次，我们知道Shell变量是一种特殊的变量，它用于存储Shell的配置信息和环境变量等。  综合以上两点，我们可以得出答案：Shell查找命令时在文件系统中的查找路径的Shell变量是B. PATH。PATH变量包含了一系列的目录路径，Shell会按照这些路径的顺序依次查找命令所在的位置。,gpt-3.5-turbo,329,146,183,0.00066,8.23
76,0,表示命令行所有位置参数的Shell变量是____。 A. $* B. $? C. $$ D. $! 答案：让我们一步一步思考， ,,,,表示命令行所有位置参数的Shell变量是A. $*。,gpt-3.5-turbo,154,136,18,0.00031,1.9
77,0,在Windows_9x系统中，用于管理磁盘数据区的数据结构是____。 A. 位图 B. 空闲块表 C. 文件分配表 D. 文件控制块 答案：让我们一步一步思考， ,,A,,在Windows_9x系统中，用于管理磁盘数据区的数据结构是位图（A）。位图是一种数据结构，用于记录磁盘上每个数据块的使用情况，可以快速地判断某个数据块是否被占用。空闲块表（B）和文件分配表（C）也是用于管理磁盘数据区的数据结构，但它们不是Windows_9x系统中使用的。文件控制块（D）是用于管理文件的数据结构，与磁盘数据区无关。因此，正确答案是A。,gpt-3.5-turbo,329,163,166,0.00066,7.48
78,0,资源的按序分策略可以破坏产生死锁的____条件。 A. 互斥执行 B. 保持并等待 C. 不可剥夺 D. 循环等待 答案：让我们一步一步思考， ,,D,,死锁是指两个或多个进程在执行过程中，因争夺资源而造成的一种僵局，若无外力作用，它们都将无法继续执行下去。因此，要破坏产生死锁的条件，需要采取一些策略。其中，资源的按序分配策略可以破坏产生死锁的循环等待条件。因此，答案为D. 循环等待。,gpt-3.5-turbo,299,165,134,0.0006,6.39
79,0,在Unix中的将计算机名映射为IP地址的文件是____。 A. /etc/hosts B. /etc/networks C. /etc/services D. /etc/protocols 答案：让我们一步一步思考， ,,A,,首先，题目中提到了Unix操作系统，这是一个重要的提示。 其次，题目中提到了将计算机名映射为IP地址的文件。 根据Unix操作系统的常规配置，我们可以知道这个文件应该是/etc/hosts。 因此，答案是A. /etc/hosts。,gpt-3.5-turbo,237,153,84,0.00047,4.19
80,0,下列操作系统中，能作为服务器的操作系统是____。 A. MS-DOS B. Windows3.x C. Windows NT D. Windows 98 答案：让我们一步一步思考， ,,,,首先，MS-DOS和Windows3.x都是早期的操作系统，不具备作为服务器的能力，因此排除选项A和B。 其次，Windows 98是一款桌面操作系统，也不适合作为服务器操作系统，因此排除选项D。 最后，Windows NT是一款专门设计用于服务器的操作系统，因此选项C是正确答案。,gpt-3.5-turbo,246,144,102,0.00049,6.15
81,0,Unix的用于显示进程的状态的命令是____。 A. ps B. pid C. stat D. kill 答案：让我们一步一步思考， ,,A,,正确答案是A. ps。,gpt-3.5-turbo,146,137,9,0.00029,0.86
82,0,下面选项中不是进程睡眠原因的是____。 A. 临界区或资源互斥 B. 同步等待出现处理对象 C. 同步等待I/O完成 D. 进程映象被换出至盘交换区 答案：让我们一步一步思考， ,,D,,A选项中的临界区或资源互斥可能导致进程睡眠； B选项中的同步等待出现处理对象可能导致进程睡眠； C选项中的同步等待I/O完成可能导致进程睡眠； D选项中的进程映像被换出至盘交换区是进程被换出内存的情况，不是进程睡眠的原因。  因此，答案为D。,gpt-3.5-turbo,308,180,128,0.00062,6.28
83,0,固定分区存储管理一般采用____进行主存空间的分配。 A. 首次适应分配算法 B. 循环首次适应分配算法 C. 最优适应分配算法 D. 顺序分配算法 答案：让我们一步一步思考， ,,A,,固定分区存储管理是将主存空间分为若干个固定大小的分区，每个分区只能分配给一个进程使用。因此，需要采用一种算法来进行主存空间的分配。根据选项，可以排除掉D选项，因为顺序分配算法不适用于固定分区存储管理。最优适应分配算法是选择最小的合适分区进行分配，但是在固定分区存储管理中，分区大小是固定的，因此也不适用。循环首次适应分配算法是从上次分配的位置开始查找，直到找到一个合适的分区进行分配，但是这种算法容易产生外部碎片。因此，正确答案是A选项，即采用首次适应分配算法进行主存空间的分配。,gpt-3.5-turbo,429,182,247,0.00086,10.98
84,0,类似于电子邮件系统的进程间的通信方法是____通信。 A. 管道 B. 共享存储区 C. 信号量 D. 消息 答案：让我们一步一步思考， ,,D,,首先，题目中提到了进程间通信，这意味着我们需要考虑进程间通信的方法。其次，题目中提到了类似于电子邮件系统，这提示我们需要考虑一些类似于电子邮件系统的通信方法。  根据这些提示，我们可以排除选项A和B，因为它们不是类似于电子邮件系统的通信方法。选项C中的信号量是一种同步机制，不是进程间通信的方法，因此也可以排除。因此，正确答案是D，消息通信，它是一种常见的进程间通信方法，类似于电子邮件系统中的消息传递。,gpt-3.5-turbo,349,157,192,0.0007,8.61
85,0,Windows_NT的存储管理所采用的页面淘汰算法是____。 A. OPT B. FIFO C. LRU D. NUR 答案：让我们一步一步思考， ,,C,,Windows NT的存储管理采用的页面淘汰算法是LRU（Least Recently Used，最近最少使用）算法。该算法会优先淘汰最近最少使用的页面，以保留最常用的页面，从而提高系统的性能。因此，答案为C。,gpt-3.5-turbo,226,145,81,0.00045,4.23
86,0,批处理的目的是____。 A. 提供多道程序功能 B. 提供多用户功能 C. 提供分时共享功能 D. 提高CPU的利用率 答案：让我们一步一步思考， ,,D,,批处理是一种计算机处理方式，它的目的是让计算机能够自动地按照一定的程序顺序执行一系列任务，从而提高CPU的利用率。因此，正确答案是D。,gpt-3.5-turbo,216,151,65,0.00043,3.31
87,0,一个进程被强迫剥夺处理机后，它将处于____状态。 A. 执行态 B. 就绪态 C. 阻塞态 D. 不能确定 答案：让我们一步一步思考， ,,C,,当一个进程被强制剥夺处理机时，它将被暂停执行，因此它将处于阻塞态。因此，答案是C。,gpt-3.5-turbo,208,159,49,0.00042,2.94
88,0,不能利用____实现父子进程间的互斥。 A. 文件 B. 外部变量 C. 信号量 D. 锁 答案：让我们一步一步思考， ,,B,,答案是B. 外部变量。  外部变量是可以被多个进程共享的，因此不能用它来实现父子进程间的互斥。文件、信号量和锁都可以用来实现进程间的互斥。,gpt-3.5-turbo,219,147,72,0.00044,3.85
89,0,在Windows_2000中，只有____状态的线程才能成为被切换成运行状态，占用处理器执行。 A. 备用 B. 就绪 C. 等待 D. 转换 答案：让我们一步一步思考， ,,B,,在Windows 2000中，线程有四种状态：就绪、运行、等待和终止。其中，只有就绪状态的线程才能被切换成运行状态，占用处理器执行。因此，答案是B. 就绪。,gpt-3.5-turbo,241,168,73,0.00048,3.9
90,0,下面5个系统中：计算机辅助设计系统、航班定票系统、过程控制系统、计算机激光照排系统、CD播放器，必须是实时操作系统的有____个。 A. 1 B. 2 C. 3 D. 4 答案：让我们一步一步思考， ,,C,,实时操作系统是指能够在规定的时间内完成任务的操作系统。根据题目所给的系统，可以判断出需要实时操作系统的是航班定票系统、过程控制系统和计算机激光照排系统，因为这些系统需要在规定的时间内完成任务，否则会产生严重的后果。因此，正确答案是C. 3。,gpt-3.5-turbo,298,188,110,0.0006,5.52
91,0,与文件系统关系密切的系统调用是____。 A. exit B. signal C. exec D. shmctl 答案：让我们一步一步思考， ,,,,首先，我们需要了解什么是系统调用。系统调用是操作系统提供给应用程序的接口，应用程序可以通过系统调用请求操作系统执行某些特定的操作，例如读写文件、创建进程等。  其次，我们需要了解什么是文件系统。文件系统是操作系统用来管理文件和目录的一种机制，它定义了文件和目录的组织方式、存储方式以及访问方式等。  根据以上知识，我们可以得出答案：与文件系统关系密切的系统调用是C. exec。exec系统调用可以用来执行一个新的程序，它需要指定要执行的程序的路径和参数等信息，因此与文件系统关系密切。而exit、signal和shmctl系统调用与文件系统关系不太密切。,gpt-3.5-turbo,351,137,214,0.0007,10.21
92,0,计算机软件分为____。 A. 程序、数据和文档 B. 操作系统和语言处理软件 C. 系统软件和应用软件 D. 操作系统、编译程序和数据库管理软件 答案：让我们一步一步思考， ,,,,计算机软件可以分为系统软件和应用软件两大类。系统软件包括操作系统、编译程序、数据库管理软件等，而应用软件则包括各种应用程序，如办公软件、图像处理软件、游戏软件等。因此，选项C“系统软件和应用软件”是正确答案。,gpt-3.5-turbo,266,168,98,0.00053,5.0
93,0,在NTFS文件系统中，文件在磁盘上存储时的物理结构是采用____结构。 A. 连续 B. 链接 C. 索引 D. 组合 答案：让我们一步一步思考， ,,C,,在NTFS文件系统中，文件在磁盘上存储时的物理结构是采用索引结构。因此，答案为C。,gpt-3.5-turbo,206,164,42,0.00041,2.34
94,0,在Unix中，父进程使用系统调用fork()创建一子进程后，这时____。 A. 父子进程具有相同的proc结构 B. 父子进程对信号的处理方式相同 C. 父子进程共享同一个工作区 D. 子进程可使用系统调用wait( )等待父进程的终止 答案：让我们一步一步思考， ,,C,,答案是C。在Unix中，父进程使用系统调用fork()创建一子进程后，父子进程共享同一个工作区，但是它们有不同的proc结构和对信号的处理方式。子进程可以使用系统调用wait()等待父进程的终止。,gpt-3.5-turbo,286,205,81,0.00057,4.15
95,0,用共享设备去模拟独占设备，从而达到共享、快速的效果的设备称为____。 A. 模拟设备 B. 系统设备 C. 共享设备 D. 虚拟设备 答案：让我们一步一步思考， ,,D,,根据题目描述，这种设备可以模拟独占设备，但实际上是共享的，因此应该是一种虚拟设备。因此，正确答案是D. 虚拟设备。,gpt-3.5-turbo,242,177,65,0.00048,3.51
96,0,在单CPU的操作系统中，当前共有4个进程，如Unix的核心函数sched正在将盘交换区的一个进程调入内存，系统中至少有____个进程处于运行（SRUN）状态。 A. 1 B. 2 C. 3 D. 4 答案：让我们一步一步思考， ,,A,,在单CPU的操作系统中，同一时刻只能有一个进程处于运行状态，因此正在进行盘交换区调入的进程不可能处于运行状态。因此，答案为A. 1个进程处于运行状态。,gpt-3.5-turbo,250,183,67,0.0005,3.79
97,0,一个运行的进程用完了分配给它的时间片后，它的状态转变为____状态。 A. 阻塞 B. 睡眠 C. 就绪 D. 终止 答案：让我们一步一步思考， ,,C,,当一个进程用完了分配给它的时间片后，它的状态应该是从“运行”状态转变为“就绪”状态，因为它已经执行完了当前的时间片，需要等待调度器重新分配时间片给它，让它再次运行。所以正确答案是C. 就绪。,gpt-3.5-turbo,255,163,92,0.00051,4.79
98,0,防止信息失效或变得不可存取是指信息的____。 A. 保密性 B. 完整性 C. 可靠性 D. 可用性 答案：让我们一步一步思考， ,,,,首先，选项A的保密性指的是防止信息被未授权的人访问，与题目所述的防止信息失效或变得不可存取不符合； 其次，选项B的完整性指的是防止信息被篡改或损坏，也与题目所述的防止信息失效或变得不可存取不符合； 最后，选项D的可用性指的是确保信息能够在需要时可用，但并不涉及信息失效或变得不可存取的问题。  因此，正确答案应该是C. 可靠性，它指的是确保信息能够长期存储并在需要时可靠地访问。,gpt-3.5-turbo,346,153,193,0.00069,8.99
99,0,解决进程间同步与互斥问题的常用方法是使用____。 A. 锁操作 B. 存储管理 C. 信号机构 D. 信号量 答案：让我们一步一步思考， ,,D,,进程间同步与互斥问题是操作系统中常见的问题，常用的解决方法是使用信号量。因此，正确答案是D. 信号量。锁操作可以用于保护共享资源，但不是解决进程间同步与互斥问题的常用方法。存储管理和信号机构也与进程间同步与互斥问题无关。,gpt-3.5-turbo,264,156,108,0.00053,5.14
100,0,在Unix中，系统管理程序和系统配置等文件是放在____目录中的。 A. /bin B. /lib C. /etc D. /dev 答案：让我们一步一步思考， ,,,,首先，/bin目录是用来存放系统命令的，/lib目录是用来存放系统库文件的，/dev目录是用来存放设备文件的。因此，正确答案应该是C. /etc目录，因为这个目录是用来存放系统管理程序和系统配置等文件的。,gpt-3.5-turbo,230,146,84,0.00046,3.98
101,0,下列作业调度算法中，作业平均周转时间最短的是____。 A. 先来先服务法 B. 短作业优先法 C. 优先数法 D. 时间片轮转法 答案：让我们一步一步思考， ,,B,,作业平均周转时间是指从作业提交到作业完成所经过的时间，因此，作业平均周转时间越短，说明作业的响应时间越快，用户体验越好。而短作业优先法是根据作业的执行时间来进行调度的，因此可以保证作业平均周转时间最短，所以正确答案是B. 短作业优先法。,gpt-3.5-turbo,289,168,121,0.00058,6.39
102,0,必定会引起进程切换的状态转换是____。 A. 一个进程被创建后进入就绪态 B. 一个进程从运行态变成阻塞态 C. 一个进程从就绪态变成运行态 D. 一个进程从等待态变成就绪态 答案：让我们一步一步思考， ,,,,B. 一个进程从运行态变成阻塞态必定会引起进程切换。当一个进程需要等待某个事件发生时，它会从运行态变成阻塞态，此时CPU会切换到另一个就绪态的进程运行，因此必定会引起进程切换。A选项是进程被创建后进入就绪态，不一定会引起进程切换；C选项是进程从就绪态变成运行态，只有当当前运行的进程时间片用完或者被阻塞时才会引起进程切换；D选项是进程从等待态变成就绪态，也不一定会引起进程切换。,gpt-3.5-turbo,392,191,201,0.00078,10.47
103,0,"在Unix系统中，一个在盘交换区上处于睡眠的进程,_它____。 A. 能被调度执行 B. 能被换入内存 C. 能执行I/O中断处理程序 D. 能接收到信号 答案：让我们一步一步思考， ",,,,在Unix系统中，一个在盘交换区上处于睡眠的进程，它能被换入内存。因为在Unix系统中，当一个进程处于睡眠状态时，它的内存空间可能被释放，但是它的进程控制块(PCB)仍然存在于内存中，因此可以将该进程从盘交换区中换入内存，以便被调度执行。选项A、C、D都不正确。,gpt-3.5-turbo,304,175,129,0.00061,6.49
104,0,在进程之间要传递大量的数据，效率高而且互斥与同步控制方便的方法是采用____。 A. 管道 B. 共享存储区 C. 全局变量 D. 信号量 答案：让我们一步一步思考， ,,,,首先，管道是一种进程间通信的方式，可以实现进程之间的数据传递，但是管道的容量有限，不适合传递大量数据。因此，选项A不是最佳答案。  其次，全局变量也可以实现进程间数据共享，但是没有互斥与同步控制，容易出现数据竞争问题，因此选项C也不是最佳答案。  最后，共享存储区和信号量都可以实现进程间数据共享和同步控制，但是共享存储区需要进行复杂的内存管理，容易出现内存泄漏等问题，因此选项B不是最佳答案。而信号量可以实现互斥与同步控制，且不需要进行复杂的内存管理，因此是最佳答案，选项D为正确答案。,gpt-3.5-turbo,426,178,248,0.00085,11.49
105,0,shell解释双引号中的字符时，没有特殊含义的字符是____。 A. $ B. \ C. ` D. * 答案：让我们一步一步思考， ,,D,,在shell中，双引号中的字符会被解释和展开，但是有一些字符是没有特殊含义的，它们会被直接展开为它们本身。因此，正确答案是D. *。在双引号中，$表示变量展开，\表示转义字符，`表示命令替换，但是*没有特殊含义，会被直接展开为它本身。,gpt-3.5-turbo,256,140,116,0.00051,9.34
106,0,进程间的互斥与同步表示了各进程间的____。 A. 竞争与协作 B. 相互独立与相互制约 C. 临界区调度原则 D. 动态性与并发性 答案：让我们一步一步思考， ,,A,,进程间的互斥表示各进程之间的竞争关系，而同步表示各进程之间的协作关系。因此，答案为A. 竞争与协作。,gpt-3.5-turbo,237,178,59,0.00047,2.92
107,0,以下____是关于Unix流文件的函数。 A. rewind B. system C. sscanf D. fstat 答案：让我们一步一步思考， ,,D,,D. fstat是关于Unix流文件的函数，它可以获取文件的状态信息，如文件大小、创建时间等。而A. rewind是将文件指针重新定位到文件开头的函数，B. system是执行系统命令的函数，C. sscanf是从字符串中读取格式化输入的函数，与Unix流文件无关。因此，答案是D. fstat。,gpt-3.5-turbo,229,133,96,0.00046,4.35
108,0,Shell在Unix操作系统中位于____之间。 A. 硬件层和核心层 B. 核心层和系统调用层 C. 系统调用层和应用程序层 D. 应用程序层和用户 答案：让我们一步一步思考， ,,,,首先，Shell是一个命令行解释器，用于与操作系统交互。其次，Unix操作系统是一个分层结构，由硬件层、核心层、系统调用层和应用程序层组成。因此，选项C是正确答案，即Shell在Unix操作系统中位于系统调用层和应用程序层之间。,gpt-3.5-turbo,270,172,98,0.00054,5.45
109,0,在以下存贮管理方案中，不适用于多道程序设计系统的是____。 A. 单一连续区分配 B. 固定式分区分配 C. 可变式分区分配 D. 页式存贮管理 答案：让我们一步一步思考， ,,,,多道程序设计系统需要同时运行多个程序，因此需要一种存储管理方案来分配和管理内存。单一连续区分配、固定式分区分配、可变式分区分配和页式存储管理都是常见的存储管理方案。其中，不适用于多道程序设计系统的是B.固定式分区分配。因为固定式分区分配将内存分为固定大小的分区，每个程序只能占用一个分区，无法利用内存碎片，因此不适用于多道程序设计系统。,gpt-3.5-turbo,332,173,159,0.00066,7.16
110,0,一段不能由多个进程同时执行的代码称为____。 A. 临界区 B. 临界资源 C. 锁操作 D. 信号量操作 答案：让我们一步一步思考， ,,A,,根据题意，这段代码不能由多个进程同时执行，因此它需要被保护。而临界区是指一段需要被保护的代码区域，因此答案为A. 临界区。,gpt-3.5-turbo,215,151,64,0.00043,3.31
111,0,用____可以防止共享文件可能造成的破坏，但实现起来系统开销大。 A. 目录和文件的许可权规定 B. 存取控制表 C. 不同用户对文件的使用权 D. 隐蔽文件目录 答案：让我们一步一步思考， ,,B,,答案是B. 存取控制表。存取控制表是一种用于控制文件或资源访问权限的数据结构，可以防止未经授权的用户访问共享文件，但是实现起来需要耗费系统开销。目录和文件的许可权规定和不同用户对文件的使用权也可以用于控制文件访问权限，但是它们并不是防止共享文件破坏的主要手段。隐蔽文件目录也不是用于控制文件访问权限的方法。,gpt-3.5-turbo,335,182,153,0.00067,7.05
112,0,如果系统只有一个临界资源，同时有很多进程要竞争该资源，那么系统____发生死锁。 A. 一定会 B. 一定不会 C. 不一定会 D. 由进程数量决定 答案：让我们一步一步思考， ,,,,如果系统只有一个临界资源，同时有很多进程要竞争该资源，那么系统不一定会发生死锁。死锁的发生取决于进程竞争资源的顺序和调度算法等因素。如果进程按照一定的顺序竞争资源，或者系统采用合适的调度算法，就可以避免死锁的发生。因此，选项C是正确答案。,gpt-3.5-turbo,305,175,130,0.00061,5.7
113,0,在磁盘存储器中，无需移动读写头即可读写的一组磁道称为____。 A. 扇区 B. 柱面 C. 盘面 D. 分区 答案：让我们一步一步思考， ,,B,,在磁盘存储器中，数据是按磁道存储的，每个磁道都是一个圆形的磁性区域。因此，无需移动读写头即可读写的一组磁道称为柱面。因此，正确答案是B. 柱面。,gpt-3.5-turbo,250,163,87,0.0005,4.57
114,0,在可变式分区存储管理中，当释放和回收一个空闲区时，造成空闲表项区数减1的情况是____。 A. 无上邻空闲区，也无下邻空闲区 B. 有上邻空闲区，但无下邻空闲区 C. 有下邻空闲区，但无上邻空闲区 D. 有上邻空闲区，也有下邻空闲区 答案：让我们一步一步思考， ,,A,,在可变式分区存储管理中，当释放和回收一个空闲区时，如果该空闲区既没有上邻空闲区，也没有下邻空闲区，那么这个空闲区就是孤立的，释放后空闲表项区数减1，因此答案是A。,gpt-3.5-turbo,327,237,90,0.00065,4.2
115,0,当对磁盘的存取很繁忙时，下列的调度算法中，平均等待时间最大的调度算法是____。 A. 先来先服务调度（FCFS） B. 最短寻道时间优先法（SSTF） C. 电梯调度算法（SCAN） D. 巡回扫描法  (C-SCAN) 答案：让我们一步一步思考， ,,,,当磁盘存取很繁忙时，FCFS算法会按照请求的先后顺序进行调度，因此可能会出现某些请求等待时间过长的情况，所以平均等待时间最大的调度算法是A. 先来先服务调度（FCFS）。,gpt-3.5-turbo,295,210,85,0.00059,4.13
116,0,下面几种操作中，____不是操作系统的特权操作。 A. 执行I/O 操作 B. 开、关中断 C. 存取用户映像的页表 D. 系统调用 答案：让我们一步一步思考， ,,D,,A. 执行I/O操作通常需要特权操作，因为它涉及到对硬件的访问和控制，所以不是普通用户可以执行的操作。 B. 开、关中断也需要特权操作，因为中断控制器是硬件设备，需要特权级别才能访问和控制。 C. 存取用户映像的页表也需要特权操作，因为页表是操作系统管理内存的重要数据结构，需要特权级别才能访问和修改。 D. 系统调用是操作系统提供给用户程序的接口，用户程序可以通过系统调用请求操作系统执行特定的任务，因此需要特权操作。  综上所述，选项A、B、C都是操作系统的特权操作，而选项D不是，因此答案为D。,gpt-3.5-turbo,381,161,220,0.00076,11.71
117,0,ls_–l命令不能够列出文件的____。 A. 软链接数 B. 硬链接数 C. 文件类型 D. 文件长度 答案：让我们一步一步思考， ,,B,,ls -l命令可以列出文件的权限、所有者、大小、创建日期等信息，但是不能够列出文件的硬链接数。因此，正确答案是B. 硬链接数。,gpt-3.5-turbo,200,147,53,0.0004,2.98
118,0,在多进程的并发系统中，肯定不会因竞争____而产生死锁。 A. 打印机 B. 磁带机 C. 光刻机 D. 处理机 答案：让我们一步一步思考， ,,,,在多进程的并发系统中，死锁是由于进程之间相互等待对方释放资源而导致的。因此，答案应该是D. 处理机，因为处理机是进程执行的地方，不会像打印机、磁带机、光刻机等设备一样需要占用共享资源，从而导致死锁的发生。,gpt-3.5-turbo,277,166,111,0.00055,5.27
119,0,Windows_2000/XP在x86体系结构上利用____页表来实现虚拟地址到物理地址的转换。 A. 一级 B. 二级 C. 三级 D. 四级 答案：让我们一步一步思考， ,,B,,Windows 2000/XP在x86体系结构上利用二级页表来实现虚拟地址到物理地址的转换，因此正确答案是B。,gpt-3.5-turbo,209,164,45,0.00042,2.8
120,0,文件索引结构的特点是____。 A. 打开文件以后，要占用较多的额外内存空间 B. 适合于记录式文件，不适合于无结构的流式文件 C. 文件索引表占的空间比索引顺序文件和散列文件表大 D. 局部修改时，插入、删除一个文件块较链接结构文件和散列文件费时 答案：让我们一步一步思考， ,,,,文件索引结构是一种文件组织方式，它的特点是在文件中建立一个索引表，用于记录文件中各个记录的位置信息。根据这个定义，可以排除选项B，因为文件索引结构并不仅适合记录式文件，也适合无结构的流式文件。接下来，我们来看选项A、C和D。  A选项说打开文件以后，要占用较多的额外内存空间。这个说法不正确，因为文件索引结构并不会占用额外的内存空间，而是在文件中建立一个索引表。  C选项说文件索引表占的空间比索引顺序文件和散列文件表大。这个说法是正确的，因为文件索引结构需要在文件中建立一个索引表，而索引顺序文件和散列文件则是在外部建立索引表，因此文件索引结构占用的空,gpt-3.5-turbo,477,221,256,0.00095,11.38
121,0,在使用Spooling技术的系统中，用户作业的打印输出结果将被送到____。 A. 磁盘区域 B. 内存区域 C. 屏幕 D. 打印机 答案：让我们一步一步思考， ,,A,,在使用Spooling技术的系统中，用户作业的打印输出结果将被送到磁盘区域。因为Spooling技术是一种将输入/输出(I/O)操作缓存到磁盘上的技术，它可以使得多个作业同时进行，而不会相互干扰。因此，用户作业的打印输出结果也会被缓存到磁盘上，等待打印机进行处理。所以，答案是A. 磁盘区域。,gpt-3.5-turbo,314,168,146,0.00063,7.28
122,0,一组管道线命令的出口状态是它的____命令的出口状态。 A. 第一个 B. 最后一个 C. 任何一个 D. 所有 答案：让我们一步一步思考， ,,B,,管道线命令是由多个命令组成的，每个命令都会有一个出口状态。当管道线命令执行完毕后，整个管道线命令的出口状态应该是最后一个命令的出口状态。因此，正确答案是B. 最后一个。,gpt-3.5-turbo,237,154,83,0.00047,3.84
123,0,在单CPU的操作系统中，如当前共有4个进程，其中1个进程在核心态下执行，至少有____个进程处于核心态。 A. 1 B. 2 C. 3 D. 4 答案：让我们一步一步思考， ,,A,,在单CPU的操作系统中，同一时刻只能有一个进程处于核心态下执行，因此至少有一个进程处于核心态。因此，正确答案是A. 1。,gpt-3.5-turbo,221,167,54,0.00044,2.73
124,0,动态重定位是在程序的____中进行的。 A. 编译过程 B. 连接过程 C. 装入过程 D. 执行过程 答案：让我们一步一步思考， ,,D,,动态重定位是在程序的执行过程中进行的，因此答案是D。,gpt-3.5-turbo,176,152,24,0.00035,1.45
125,0,在不考虑联想寄存器和Cache的段页式存储管理中，每次从主存中取指令或取操作数，要访问主存____次。 A. 1 B. 2 C. 3 D. 4 答案：让我们一步一步思考， ,,B,,在不考虑联想寄存器和Cache的情况下，每次从主存中取指令或取操作数，需要先访问页表，找到对应的物理页号，再访问物理内存中的对应页，因此需要访问主存两次。所以正确答案是B. 2。,gpt-3.5-turbo,263,173,90,0.00053,4.34
126,0,用户要能用cd命令进入一个目录，就要有对该目录的____。 A. 读许可 B. 写许可 C. 执行许可 D. 读、写和执行全部许可 答案：让我们一步一步思考， ,,C,,首先，cd命令是用来进入目录的，因此需要有执行许可才能进入该目录。因此，正确答案是C. 执行许可。,gpt-3.5-turbo,215,166,49,0.00043,2.65
127,0,相继地剥夺进程所占的资源，直至相关进程能继续运行是一种____方法。 A. 死锁预防 B. 死锁避免 C. 死锁检测 D. 死锁解除 答案：让我们一步一步思考， ,,,,这种方法是为了解除死锁，因此选项D，死锁解除，是正确答案。,gpt-3.5-turbo,211,179,32,0.00042,1.92
128,0,在下列关于线程的描中，说法____是错误的。 A. 进程内的一个执行单元 B. 具有独立的用户栈和核心栈 C. 进程内的一个可调度实体 D. 进程内的一个资源分配单位 答案：让我们一步一步思考， ,,D,,A. 进程内的一个执行单元是正确的描述，因为线程是进程内的一个执行单元，可以独立执行。 B. 具有独立的用户栈和核心栈也是正确的描述，因为线程有自己的栈空间，可以独立地进行函数调用和返回。 C. 进程内的一个可调度实体也是正确的描述，因为线程可以被操作系统调度执行，具有独立的执行流程。 D. 进程内的一个资源分配单位是错误的描述，因为线程并不是进程内的资源分配单位，而是共享进程的资源，如内存、文件等。   因此，答案为D。,gpt-3.5-turbo,372,182,190,0.00074,9.03
129,0,作业与进程的主要区别是____。 A. 前者是由用户提交，后者是由系统自动生成 B. 两者执行不同的程序段 C. 后者可并发执行，前者则不行 D. 前者是批处理的，后者是分时的 答案：让我们一步一步思考， ,,,,作业与进程的主要区别是B. 两者执行不同的程序段。作业是一组相关的任务或程序，而进程是正在执行的程序实例。作业可以包含多个进程，每个进程执行不同的程序段。因此，选项B是正确的。选项A和D是错误的，因为作业和进程都可以由用户提交，并且可以是批处理或分时的。选项C也是错误的，因为作业和进程都可以并发执行。,gpt-3.5-turbo,315,184,131,0.00063,6.18
130,0,采用单一连续区存储管理时，若作业地址空间大于空闲内存空间，可采用____把不会同时工作的程序段轮流装入主存区执行。 A. 对换技术 B. 可变分区技术 C. 虚拟存储技术 D. 覆盖技术 答案：让我们一步一步思考， ,,D,,如果作业地址空间大于空闲内存空间，就意味着无法一次性将整个作业装入主存。因此，需要采用一种技术，将作业分成若干个段，每次只将其中的一部分装入主存执行，等到这部分执行完毕后，再将下一部分装入主存执行。这种技术就是覆盖技术，因此答案为D。对换技术是指将内存中的某些进程或数据移到外存中，以释放内存空间；可变分区技术是指将内存分成若干个大小不同的区域，每个作业根据需要占用若干个区域；虚拟存储技术是指将作业的一部分装入内存，其余部分暂时存放在外存中，需要时再调入内存执行。,gpt-3.5-turbo,455,206,249,0.00091,12.62
131,0,在Unix系统中，如有n个进程因等待资源R而睡眠，现该资源R被释放了，系统将唤醒____。 A. 资源R睡眠队列中的第一个进程 B. 最早因等待资源R而睡眠的进程 C. 最后因等待资源R而睡眠的进程 D. 因等待资源R而睡眠全部n个进程 答案：让我们一步一步思考， ,,,,当资源R被释放时，系统会将该资源R的等待队列中的进程唤醒。因此，选项A是不正确的，因为只有一个进程在资源R的睡眠队列中。选项D也不正确，因为只有等待该资源的进程才会被唤醒，而不是所有睡眠的进程。选项B和C都有可能是正确的，具体取决于系统的实现方式。在一些Unix系统中，会唤醒最早因等待资源R而睡眠的进程（选项B），而在另一些系统中，会唤醒最后因等待资源R而睡眠的进程（选项C）。因此，答案应该是B或C，具体取决于系统的实现方式。,gpt-3.5-turbo,441,222,219,0.00088,10.57
132,0,Linux的页面分配和释放算法采用____。 A. 首次适应法 B. 循环首次适应法 C. 最佳适应算法 D. 伙伴算法 答案：让我们一步一步思考， ,,D,,Linux的页面分配和释放算法采用的是伙伴算法，因此答案为D。伙伴算法是一种常见的内存分配算法，它将可用内存块按照大小分成不同的等级，每个等级都有一个伙伴，当需要分配内存时，会找到与所需内存大小最接近的等级，然后从该等级中分配内存。当释放内存时，会将该内存块与其伙伴合并，形成更大的内存块，然后再次按照大小分级。,gpt-3.5-turbo,326,164,162,0.00065,7.4
133,0,在可变分区管理方式下，在释放和回收空闲区，若已判定“空闲区表第j栏中的始址=释放的分区始址+长度”，则表示____。 A. 归还区有上邻空闲区 B. 归还区有下邻空闲区 C. 归还区有上下邻空闲区 D. 归还区无相邻空闲区 答案：让我们一步一步思考， ,,A,,根据题意，已经判定“空闲区表第j栏中的始址=释放的分区始址+长度”，说明释放的空闲区与第j栏的空闲区相邻，且释放的空闲区在第j栏的空闲区上方，因此答案为A. 归还区有上邻空闲区。,gpt-3.5-turbo,321,220,101,0.00064,5.08
134,0,批处理是指____。 A. 系统依次成批自动装入并执行作业 B. 在一台处理机上同一时刻运行多个程序 C. 在一台处理机上并发运行多个程序 D. 在内存中有多道程序并发运行 答案：让我们一步一步思考， ,,A,,根据批处理的定义，它是指系统依次成批自动装入并执行作业，因此答案为A。,gpt-3.5-turbo,219,182,37,0.00044,2.35
135,0,Unix以长列表形式显示所有的文件名，包括以‘.’开头的隐显文件名的命令是____。 A. ls -al B. dir C. ls –ai D. ls –lt 答案：让我们一步一步思考， ,,,,首先，我们需要知道Unix是一种操作系统，它的文件系统是以树形结构组织的。在Unix中，所有的文件和目录都是以根目录为起点的相对路径或绝对路径来表示的。  其次，Unix中有一个常用的命令是ls，用于列出当前目录下的文件和目录。  接着，我们需要知道ls命令有很多选项，可以用来控制输出的格式和内容。其中，-a选项可以显示所有文件，包括以‘.’开头的隐显文件名；-l选项可以以长列表形式显示文件的详细信息。  综上所述，答案应该是A. ls -al。,gpt-3.5-turbo,349,161,188,0.0007,8.66
136,0,批处理作业调度必须遵循的一个必要条件是____可以满足被选作业的要求。 A. 系统的主存容量 B. 系统中的空闲内存 C. 系统配置的资源 D. 系统现有的尚未分配的资源 答案：让我们一步一步思考， ,,,,批处理作业调度需要考虑系统配置的资源，因为不同的作业可能需要不同的资源，如CPU时间、内存空间、I/O设备等。因此，选项C是正确答案。,gpt-3.5-turbo,246,189,57,0.00049,2.91
137,0,下列四种微机操作系统中，____具有多道程序设计的特点但不是分时系统。 A. Windows NT B. Windows 98 C. Windows 2000 D. Linux 答案：让我们一步一步思考， ,,,,首先，多道程序设计是指在内存中同时存放多个程序，让它们交替执行，提高CPU的利用率和系统的吞吐量。而分时系统是指在多道程序设计的基础上，通过时间片轮转的方式让多个用户共享一台计算机。  根据题目描述，我们需要找出一个具有多道程序设计特点但不是分时系统的操作系统。因此，我们可以排除Windows NT和Windows 2000，因为它们都是分时系统。而Windows 98和Linux都支持多道程序设计，但是Windows 98不支持多用户共享，因此答案应该是B. Windows 98。,gpt-3.5-turbo,335,154,181,0.00067,7.95
138,0,与一般用户的应用联系最多的是操作系统的____部分。 A. 存储管理 B. 进程管理 C. 设备管理 D. 文件管理 答案：让我们一步一步思考， ,,D,,操作系统的主要功能包括进程管理、存储管理、设备管理和文件管理。其中，与一般用户的应用联系最多的是文件管理部分，因为用户在操作系统中主要是通过文件来进行数据的存储、读取和处理。因此，正确答案是D. 文件管理。,gpt-3.5-turbo,234,151,83,0.00047,7.48
139,0,在Shell程序中，____命令可以处理由信号引起的软中断。 A. signal B. kill C. trap D. break 答案：让我们一步一步思考， ,,C,,首先，我们需要了解信号是什么。信号是一种软中断，用于通知进程发生了某些事件，例如键盘输入、程序错误等。当进程接收到信号时，它会暂停当前操作并执行信号处理程序。  接着，我们需要知道Shell程序中可以处理信号的命令。根据选项，A、B、C、D四个命令中，只有signal、kill、trap三个命令与信号处理有关。  signal命令用于改变进程接收到信号时的行为，但它并不处理信号本身，因此不是正确答案。  kill命令用于向进程发送信号，但它也不是处理信号的命令。  trap命令用于设置信号处理程序，因此是正确答案。  因此，答案是C. trap。,gpt-3.5-turbo,371,142,229,0.00074,10.76
140,0,虚拟存储器的最大极限容量____。 A. 由外存大小决定 B. 由指令的地址长度决定 C. 由用户定义 D. 由目标程序的大小决定 答案：让我们一步一步思考， ,,,,虚拟存储器是指操作系统为每个进程提供的一种抽象，使得每个进程都能够访问比其物理内存更大的地址空间。因此，虚拟存储器的最大极限容量应该由操作系统和硬件的限制决定，而不是由用户定义或目标程序的大小决定。因此，选项A是正确答案。,gpt-3.5-turbo,283,168,115,0.00057,5.56
141,0,使用缓冲的目的是为了解决____的问题。 A. CPU与I/O设备之间速度不匹配 B. 节省内存 C. 提高I/O设备的数据传送速度 D. 提高I/O设备的利用率 答案：让我们一步一步思考， ,,A,,A. CPU与I/O设备之间速度不匹配是使用缓冲的主要目的之一，因为CPU的速度通常比I/O设备的速度快得多，使用缓冲可以让CPU不必等待I/O设备的数据传输，提高系统的效率和响应速度。因此，答案是A。B、C、D都不是使用缓冲的主要目的。,gpt-3.5-turbo,291,177,114,0.00058,5.8
142,0,用户在终端上键输入一个kill命令后，将发出了一个____。 A. 外部中断 B. 内部中断 C. 软中断 D. 自愿中断 答案：让我们一步一步思考， ,,,,首先，kill命令是用来终止进程的，因此它是一个系统调用，也就是用户态程序向内核态程序发出的请求。因此，答案应该是C. 软中断。,gpt-3.5-turbo,219,159,60,0.00044,3.14
143,0,"比较两个Shell串变量最好采用____的形式。 A. test ""$var1"" = ""$var2"" B. test $var1 = $var2 C. [ $var1 = $var2 ] D. [ $var1 -eq $var2 ] 答案：让我们一步一步思考， ",,A,,"正确答案是A. test ""$var1"" = ""$var2""。  原因是，使用双引号将变量括起来可以确保变量被正确地展开并且不会被解释为多个参数。如果不使用双引号，Shell会将变量展开为多个参数，这可能会导致比较失败。因此，比较两个Shell串变量最好采用A选项的形式。",gpt-3.5-turbo,284,170,114,0.00057,5.44
144,0,多道程序设计是指____。 A. 在实时系统中并发运行多个程序 B. 在分布系统中同一时刻运行多个程序 C. 在一台处理机上同一时刻运行多个程序 D. 在一台处理机上并发运行多个程序 答案：让我们一步一步思考， ,,D,,多道程序设计是指在一台处理机上并发运行多个程序，因此答案为D。,gpt-3.5-turbo,209,181,28,0.00042,1.62
145,0,操作系统中执行频度最高的的调度程序是____。 A. 高级调度 B. 中级调度 C. 低级调度 D. 多级调度 答案：让我们一步一步思考， ,,C,,首先，高级调度是指从外存中选择一个进程调入内存，因此执行频度不高； 中级调度是指在内存中选择一个进程挂起，执行频度也不高； 低级调度是指在CPU中选择一个进程执行，执行频度较高，但不是最高的； 多级调度是指将进程分为多个优先级，根据优先级选择进程执行，执行频度也较高，但不是最高的。  因此，答案为C. 低级调度，因为它是在CPU中选择进程执行的，执行频度最高。,gpt-3.5-turbo,317,153,164,0.00063,7.62
146,0,在Unix设备管理中，为了减少I/O次数，使用的方法有____。 A. 采用了缓冲技术 B. 采用了同步读的方法 C. 增加了预读操作 D. 采用了通道技术 答案：让我们一步一步思考， ,,A,,在Unix设备管理中，为了减少I/O次数，采用的方法有缓冲技术、增加了预读操作等。因此，正确答案是A和C。选项B和D与减少I/O次数无关。,gpt-3.5-turbo,247,180,67,0.00049,3.34
147,0,操作系统对硬件的管理包括对____的管理。 A. 运算器 B. 控制器 C. 地址寄存器 D. 外部设备 答案：让我们一步一步思考， ,,D,,操作系统对硬件的管理包括对外部设备的管理，因此正确答案是D。操作系统通过设备驱动程序来管理外部设备，包括输入设备、输出设备、存储设备等。同时，操作系统也管理着运算器、控制器和地址寄存器等硬件资源，但这些不是操作系统对硬件的主要管理对象。,gpt-3.5-turbo,259,152,107,0.00052,4.97
148,0,在进程的执行过程中不能被修改的映像部分是____。 A. 共享正文段 B. 执行代码 C. 全局变量 D. 栈段 答案：让我们一步一步思考， ,,A,,答案是A. 共享正文段。共享正文段是指进程中的代码部分，它是只读的，不能被修改。执行代码和全局变量都可以被修改，而栈段是用来存储局部变量和函数调用信息的，也可以被修改。因此，只有共享正文段是不能被修改的。,gpt-3.5-turbo,252,155,97,0.0005,4.51
149,0,在可变分区存储管理中，回收一个空闲区后，空闲区管理表中不可能____。 A. 增加一个表项 B. 减少一个表项 C. 表项数不变 D. 表项内容不变 答案：让我们一步一步思考， ,,,,在可变分区存储管理中，每个空闲区都对应着一个空闲区管理表中的表项。当回收一个空闲区时，该空闲区对应的表项会被删除，因此空闲区管理表中的表项数会减少，选项B是正确答案。,gpt-3.5-turbo,259,173,86,0.00052,4.26
150,0,时间片轮转调度算法是为了____。 A. 多个进程都能得到系统的及时响应 B. 先来先服务 C. 多个进程使用相等CPU时间 D. 使多个进程能公平地使用处理机 答案：让我们一步一步思考， ,,,,时间片轮转调度算法是一种多任务处理方式，它将CPU时间分成若干个时间片，每个进程在一个时间片内运行一定时间后，就会被暂停，然后轮到下一个进程运行。这样做的目的是为了让多个进程都能得到系统的及时响应，即选项A是正确答案。,gpt-3.5-turbo,281,175,106,0.00056,5.07
151,0,CPU的执行状态分为系统态和用户态，从用户态转换到系统态的唯一途径是通过____。 A. 修改程序状态字 B. 中断屏蔽 C. 系统调用 D. 进程调度程序 答案：让我们一步一步思考， ,,C,,首先，CPU的执行状态分为系统态和用户态，其中系统态具有更高的权限，可以执行更多的操作。而用户态只能执行受限的操作。  其次，从用户态转换到系统态需要一定的权限和机制。其中，唯一的途径是通过系统调用。  因此，正确答案是C. 系统调用。,gpt-3.5-turbo,265,170,95,0.00053,4.74
152,0,信息查询系统是一种____。 A. 实时系统 B. 多道程序设计系统 C. 作业处理系统 D. 分时操作系统 答案：让我们一步一步思考， ,,A,,信息查询系统通常是一种实时系统，因为它需要快速响应用户的查询请求并返回结果。因此，答案是A. 实时系统。,gpt-3.5-turbo,187,143,44,0.00037,2.38
153,0,在指定时刻运行一次Shell程序的命令是____。 A. at B. cron C. sleep D. run 答案：让我们一步一步思考， ,,A,,根据题目描述，需要在指定时刻运行一次Shell程序的命令，因此排除选项B（cron是用于定期执行任务的命令）。选项C（sleep）是用于延迟一段时间后执行命令，也不符合要求。选项D（run）也不是一个正确的命令。因此，正确答案是A（at），它可以在指定的时间运行一次Shell程序。,gpt-3.5-turbo,258,140,118,0.00052,5.28
154,0,在Linux中，____在文件系统中没有相应的inode节点。 A. 网络设备 B. 打印机 C. 终端 D. 磁盘 答案：让我们一步一步思考， ,,,,A. 网络设备在Linux中在文件系统中没有相应的inode节点。,gpt-3.5-turbo,174,152,22,0.00035,1.44
155,0,测试并设置指令test&set是一种____。 A. 锁操作指令 B. 互斥指令 C. 判断指令 D. 信号量指令 答案：让我们一步一步思考， ,,A,,首先，test&set指令是一种原子操作指令，可以在多线程或多进程环境下保证操作的原子性，即不会被其他线程或进程中断。其次，test&set指令通常用于实现锁操作或互斥操作，即在多个线程或进程中只有一个可以访问共享资源。因此，答案为A. 锁操作指令。,gpt-3.5-turbo,273,157,116,0.00055,5.33
156,0,能支持两台计算机之间的通信机制是____。 A. Signal B. Pipe C. Ipc D. Socket 答案：让我们一步一步思考， ,,D,,这道题考察的是操作系统中的通信机制，能够支持两台计算机之间的通信机制是Socket。因此，答案是D。   A选项Signal是信号量，用于进程间的同步和互斥。   B选项Pipe是管道，用于进程间的通信，但只能在同一台计算机上使用。   C选项IPC是进程间通信，包括消息队列、共享内存和信号量等，但也只能在同一台计算机上使用。   因此，只有D选项Socket能够支持两台计算机之间的通信。,gpt-3.5-turbo,310,140,170,0.00062,7.61
157,0,Unix系统中，在下列的____情况时，设置runrun标志。 A. 进程因等待某一事件进入了高低优先权睡眠状态 B. 进程将盘交换区的SRUN状态进程调入内存 C. 在唤醒睡眠进程时，发现该进程优先数比curpri小 D. 进程完成了预定任务，进入了SZOMB状态 答案：让我们一步一步思考， ,,,,首先，runrun标志是用来表示进程是否需要被重新调度的标志。当进程被唤醒时，如果runrun标志被设置了，那么该进程会被重新调度。  接着，选项A中提到了进程因等待某一事件进入了高低优先权睡眠状态，这种情况下进程需要等待事件的发生，因此不需要被重新调度，所以不会设置runrun标志。  选项B中提到了进程将盘交换区的SRUN状态进程调入内存，这种情况下进程需要被重新调度，因此会设置runrun标志。  选项C中提到了唤醒睡眠进程时，发现该进程优先数比curpri小，这种情况下进程需要被重新调度，因此会设置runrun标志。  选项D中提到了进程完成了预定任务，进入了SZ,gpt-3.5-turbo,476,220,256,0.00095,11.27
158,0,选择作业调度算法考虑的因素之一是____。 A. 吞吐率 B. 交互性 C. 及时性 D. 安全可靠 答案：让我们一步一步思考， ,,A,,作业调度算法考虑的因素包括吞吐率、响应时间、周转时间和处理器利用率等。因此，选项A、B、C都是可能的答案。而选项D“安全可靠”并不是作业调度算法考虑的因素之一，因此正确答案为A、B、C中的任意一个。,gpt-3.5-turbo,257,155,102,0.00051,4.84
159,0,在Unix文件管理系统中，设置内存打开文件结构主要是为了____。 A. 减少创建文件的时间 B. 减少打开文件所需时间 C. 减少关闭文件所需时间 D. 减少对一个已打开的文件进行读写的时间 答案：让我们一步一步思考， ,,,,首先，内存打开文件结构是用来存储已经打开的文件的信息的，这样可以避免每次打开文件时都需要重新读取文件的信息，从而减少打开文件所需的时间。因此，选项B是正确答案。,gpt-3.5-turbo,251,178,73,0.0005,3.84
160,0,在Windows_2000的设备管理中，I/O请求包（IRP）是由____建立的。 A. 用户应用程序 B. 文件系统驱动程序 C. 设备驱动程序 D. I/O管理器 答案：让我们一步一步思考， ,,D,,在Windows 2000中，I/O请求包（IRP）是由I/O管理器建立的。因此，答案为D。,gpt-3.5-turbo,197,163,34,0.00039,1.87
161,0,Windows_2000/XP线程调度采用的是____调度算法。 A. 先来先服务 B. 静态优先级 C. 可抢占的时间片轮转 D. 可抢占的动态优先级 答案：让我们一步一步思考， ,,D,,Windows 2000/XP线程调度采用的是可抢占的动态优先级调度算法，因此答案为D。,gpt-3.5-turbo,213,174,39,0.00043,2.21
162,0,操作系统为了管理文件，设置了专门的数据结构——文件控制块（FCB），FCB是在执行____时建立的。 A. 打开 B. 读/写 C. 链接 D. 创建 答案：让我们一步一步思考， ,,,,首先，文件控制块（FCB）是用来管理文件的数据结构。 其次，FCB 包含了文件的属性信息、位置信息、权限信息等等。 最后，根据这些信息，操作系统可以对文件进行打开、读/写、链接、创建等操作。  因此，答案应该是 D. 创建。在创建文件时，操作系统会为该文件建立一个对应的 FCB，用于管理该文件的各种信息。,gpt-3.5-turbo,284,166,118,0.00057,5.37
163,0,在Unix系统中，有名管道的创建操作是____。 A. creat B. pipe C. mknod D. CreateNamePipe 答案：让我们一步一步思考， ,,C,,首先，有名管道是一种特殊的文件类型，它允许不相关的进程之间进行通信。因此，我们需要使用一种特殊的系统调用来创建它。在Unix系统中，这个系统调用是mknod。因此，答案是C. mknod。,gpt-3.5-turbo,222,140,82,0.00044,4.35
164,0,在____情况下，计算机系统一定出现了死锁。 A. 系统中所有的进程都处于封锁状态 B. 进程申请的资源数大大超过资源总数 C. 计算机硬件或软件系统发生重大故障 D. 两个进程互相等待对方占有的资源 答案：让我们一步一步思考， ,,D,,选项A中，虽然所有进程都处于封锁状态，但并不一定会出现死锁，因为可能存在某些进程已经释放了资源，可以被其他进程使用。 选项B中，虽然进程申请的资源数大大超过资源总数，但并不一定会出现死锁，因为可能存在某些进程已经释放了资源，可以被其他进程使用。 选项C中，虽然计算机硬件或软件系统发生重大故障，但并不一定会出现死锁，因为死锁是指进程之间互相等待对方占有的资源，与系统故障无关。 因此，正确答案是D，当两个进程互相等待对方占有的资源时，计算机系统一定出现了死锁。,gpt-3.5-turbo,441,206,235,0.00088,11.35
165,0,使用____，目标程序可以不经过任何改动而装入主存直接执行。 A. 静态重定位 B. 动态重定位 C. 编译或汇编 D. 连接程序 答案：让我们一步一步思考， ,,B,,答案是B. 动态重定位。静态重定位是在编译或链接时完成地址的分配和重定位，而动态重定位是在程序运行时根据需要进行地址的分配和重定位，因此可以直接将目标程序装入主存并执行，无需经过任何改动。编译或汇编只是将源代码转换为目标代码的过程，连接程序则是将多个目标文件合并成一个可执行文件的过程。,gpt-3.5-turbo,296,165,131,0.00059,6.35
166,0,Unix的在标准输入中查找包含指定模式的所有行，并将这些行写至标准输出的Unix命令是____。 A. grep B. find C. file D. sed 答案：让我们一步一步思考， ,,A,,这道题考察的是Unix命令中查找包含指定模式的所有行的命令，正确答案是A. grep。因此，答案为A。,gpt-3.5-turbo,206,159,47,0.00041,2.78
167,0,在下列的存储管理算法中，内存的分配和释放平均时间之和为最大的是____。 A. 首次适应法 B. 循环首次适应法 C. 最佳适应算法 D. 最差适应法 答案：让我们一步一步思考， ,,D,,首次适应法和循环首次适应法都是按照内存地址的顺序进行分配，因此它们的分配和释放时间平均值较小，不是最大的选项。最佳适应算法是按照内存块大小进行分配，因此分配和释放时间平均值较大，但不是最大的选项。最差适应法是按照内存块大小的逆序进行分配，因此分配和释放时间平均值最大，因此正确答案是D. 最差适应法。,gpt-3.5-turbo,344,182,162,0.00069,7.64
168,0,如要能快速随机存取、插入和删除文件中的记录，下列的文件组织方法中，最合适的是____。 A. 堆 B. 索引顺序文件 C. 索引文件 D. 散列文件 答案：让我们一步一步思考， ,,C,,根据题目所述，需要能够快速随机存取、插入和删除文件中的记录，因此可以排除选项A和D。选项B的索引顺序文件需要按照关键字排序，不太适合频繁的插入和删除操作。因此，最合适的文件组织方法应该是索引文件，即选项C。索引文件通过建立索引表来实现快速的随机存取、插入和删除操作。因此，答案为C。,gpt-3.5-turbo,319,177,142,0.00064,6.47
169,0,在下面____的情况时，Unix系统不会进行进程切换调度。 A. runrun标志还没有设置 B. 进程正在执行系统调用signal C. 现运行进程的优先级没有降低 D. 0#进程进入了睡眠状态 答案：让我们一步一步思考， ,,,,首先，进程切换调度是指操作系统在多任务环境下，根据一定的调度算法，将CPU的控制权从一个进程转移到另一个进程的过程。因此，进程切换调度通常发生在以下情况下：  1. 当前进程的时间片用完了，需要切换到下一个进程； 2. 当前进程主动放弃CPU控制权，例如调用sleep函数等待某个事件的发生； 3. 当前进程被其他进程抢占了CPU控制权，例如优先级更高的进程需要执行。  根据题目描述，Unix系统不会进行进程切换调度的情况是什么？选项A表示runrun标志还没有设置，这个标志是用来表示当前进程是否被抢占的，因此如果这个标志没有设置，说明当前进程还没有被其他进程抢占，不需要进行进程,gpt-3.5-turbo,441,185,256,0.00088,11.32
170,0,Unix在块设备读写时设置延迟写的原因是____。 A. buf含有B-BUSY标志，等该标志清除后再写 B. 正在读写该缓存，缓存控制块含有“忙标志” 等该标志清除后再写 C. 为了减少I/O次数 D. I/O设备正忙，等设备处于空闲状态后再写 答案：让我们一步一步思考， ,,C,,选C。Unix在块设备读写时设置延迟写的主要原因是为了减少I/O次数，提高系统性能。延迟写可以将多个写操作合并成一个较大的写操作，从而减少了磁盘I/O操作的次数，提高了系统的效率。选项A和B描述的是缓存控制块的状态，不是延迟写的原因。选项D描述的是设备的状态，也不是延迟写的原因。,gpt-3.5-turbo,365,224,141,0.00073,9.14
171,0,Unix系统的磁盘存储空间的空闲块成组链接管理方式可用于____的分配与回收。 A. 外存inode B. 文件目录块 C. 文件超级块 D. 磁盘自举块 答案：让我们一步一步思考， ,,C,,Unix系统的磁盘存储空间的空闲块成组链接管理方式是用于管理磁盘空间的，因此选项A的外存inode和选项B的文件目录块都不是正确答案。选项D的磁盘自举块也不是正确答案，因为它是用于启动计算机的。因此，正确答案是C的文件超级块，因为它包含了文件系统的重要信息，如文件系统的大小、块大小、空闲块的数量等，因此可以用于分配和回收磁盘空间。,gpt-3.5-turbo,343,176,167,0.00069,8.35
172,0,执行一个无限的Shell循环时采用____是错误的。 A. while true B. while [ 1 ] C. while [ 0 ] D. while (1) 答案：让我们一步一步思考， ,,A,,A. while true 和 B. while [ 1 ] 都是正确的，它们都表示一个无限循环。 C. while [ 0 ] 是错误的，因为它表示一个不执行循环体的循环。 D. while (1) 是错误的，因为它是C语言的语法，不适用于Shell脚本。  因此，正确答案是A. while true 和 B. while [ 1 ]。,gpt-3.5-turbo,260,148,112,0.00052,5.36
173,0,两个并发的父子进程之间可通过它们的____传递信息。 A. 全局变量 B. 动态变量 C. 共享存储区 D. 工作区 答案：让我们一步一步思考， ,,,,首先，两个并发的进程之间需要一种机制来传递信息，这种机制就是进程间通信（IPC）。 其次，全局变量和动态变量都是进程内部的变量，无法直接用于进程间通信。 因此，答案应该是C. 共享存储区，它是一种进程间通信的方式，可以让多个进程共享同一块内存区域，从而实现数据的交换和共享。,gpt-3.5-turbo,297,162,135,0.00059,6.52
174,0,下列文件中属于逻辑结构概念的文件是____。 A. 连续文件 B. 系统文件 C. 目录文件 D. 流式文件 答案：让我们一步一步思考， ,,,,逻辑结构是指文件中数据元素之间的逻辑关系，因此选项中属于逻辑结构概念的文件应该是C. 目录文件。目录文件是用来组织和管理其他文件的文件，它记录了文件的名称、类型、大小、创建时间等信息，可以帮助用户快速定位和访问所需的文件。而连续文件、系统文件和流式文件都是文件的物理结构概念，与文件中数据元素之间的逻辑关系无关。,gpt-3.5-turbo,300,155,145,0.0006,6.77
175,0,根据参数pathname给出的文件路径名来获取文件的外存I节点中的类型、大小、文件主等信息的系统调用是____。 A. stat B. fstat C. fopen D. file 答案：让我们一步一步思考， ,,,,这道题考察的是获取文件信息的系统调用，根据选项可知，C和D都不是系统调用，因此排除。而A和B都是获取文件信息的系统调用，但是A是根据文件名获取信息，而B是根据文件描述符获取信息。因此，根据题目中给出的参数pathname，正确答案应该是A. stat。,gpt-3.5-turbo,261,158,103,0.00052,4.85
176,0,Unix系统中对换程序的主要功能是____。 A. 进程映像在盘交换区与内存之间的传送 B. 选择一个进程占有处理机 C. 设置runin和runout标志 D. 选择一个作业调出系统 答案：让我们一步一步思考， ,,A,,根据题目中提到的“对换程序”，可以确定这是关于内存管理的内容。而根据选项，只有A选项提到了进程映像在盘交换区与内存之间的传送，因此答案为A。,gpt-3.5-turbo,245,176,69,0.00049,3.39
177,0,Unix文件的物理结构为____结构。 A. 顺序 B. 链式 C. 索引 D. 散列 答案：让我们一步一步思考， ,,C,,Unix文件的物理结构为索引结构，因为Unix文件系统使用了索引节点（inode）来描述文件的物理结构，每个文件都有一个唯一的inode号码，inode中包含了文件的物理地址信息。因此，答案为C。,gpt-3.5-turbo,214,144,70,0.00043,3.64
178,0,下面分配方法中哪些是必须采用连续的内存分配方法是____。 A. 页式 B. 段式 C. 可变分区 D. 虚存 答案：让我们一步一步思考， ,,C,,首先，页式和段式都是采用非连续的内存分配方法，因为它们将进程的地址空间分成多个页或段，每个页或段可以分配到内存中的任意位置。 可变分区是指内存被分成多个大小不同的区域，每个进程可以分配到一个或多个不连续的区域，因此也不是必须采用连续的内存分配方法。 虚存是指将进程的部分或全部地址空间存储在磁盘上，只有在需要时才将其调入内存，因此也不是必须采用连续的内存分配方法。 因此，答案是C，可变分区不是必须采用连续的内存分配方法。,gpt-3.5-turbo,379,161,218,0.00076,10.39
